N,P,K,temperature,humidity,ph,rainfall,label
103,25,55,27.43,86.12,6.47,19.78,muskmelon
81,26,43,26.26,49.36,6.16,51.89,watermelon
62,61,55,35.41,91.66,6.8,154.52,papaya
56,59,36,34.36,87.81,6.4,132.16,papaya
23,150,182,23.89,92.1,5.31,113.34,apple
23,24,29,32.97,49.72,5.29,124.09,mango
27,149,197,26.22,86.95,6.45,93.85,apple
22,72,20,27.13,55.28,6.33,54.61,mothbeans
22,51,17,29.08,57.36,7.08,46.69,mungbean
18,65,15,24.65,67.58,5.92,52.26,lentil
46,53,23,29.44,67.85,6.35,70.04,blackgram
19,22,29,29.79,93.95,6.65,159.57,coconut
21,16,39,19.58,86.5,7.3,108.95,pomegranate
62,55,42,24.5,78.47,7.49,187.42,jute
24,17,35,26.39,86.77,6.13,177.65,coconut
19,17,32,21.58,87.56,7.05,115.66,pomegranate
21,106,192,21.33,94.71,6.84,88.16,apple
81,44,18,23.02,63.85,7.18,89.5,maize
43,67,50,32.09,96.07,5.87,135.34,papaya
96,27,47,28.25,82.38,6.75,24.52,muskmelon
125,23,27,26.13,57.84,7.25,156.07,coffee
49,40,43,33.74,91.97,5.74,144.07,papaya
22,15,11,23.43,98.94,7.21,103.58,orange
51,56,67,34.32,86.78,5.96,167.71,papaya
51,60,81,16.73,16.21,6.93,69.85,chickpea
70,47,46,25.46,79.21,5.79,127.32,jute
21,55,23,28.8,66.19,6.69,57.35,mungbean
22,18,12,21.66,89.84,6.93,97.08,orange
19,77,16,24.98,50.04,6.58,158.88,pigeonpeas
86,36,40,21.84,76.0,5.95,215.98,rice
23,16,39,19.64,95.35,7.47,85.17,pomegranate
20,70,21,25.66,60.5,6.86,42.46,mothbeans
89,57,42,24.11,80.21,6.47,167.43,jute
20,68,18,23.96,68.49,6.53,45.3,lentil
81,55,40,23.18,82.91,6.6,171.85,jute
40,80,24,31.78,66.32,6.53,76.04,blackgram
79,37,42,26.81,81.76,6.22,154.19,jute
34,63,70,18.94,17.75,6.3,76.13,chickpea
35,80,88,18.1,14.51,6.73,86.6,chickpea
28,70,18,19.17,20.76,6.13,100.41,kidneybeans
44,65,52,31.55,88.79,7.2,123.09,papaya
22,24,32,30.59,50.71,5.44,104.85,mango
39,67,23,31.37,70.19,6.0,72.13,blackgram
71,49,21,22.55,58.93,6.73,85.88,maize
22,52,18,26.16,65.81,6.96,44.41,mungbean
97,53,20,21.42,62.48,5.23,97.94,maize
19,75,19,24.72,50.94,5.55,142.64,pigeonpeas
20,20,38,27.19,93.47,5.62,175.04,coconut
98,25,50,31.03,77.33,6.52,24.76,muskmelon
82,48,17,21.93,63.69,7.21,105.19,maize
47,75,20,27.89,62.66,6.98,72.12,blackgram
101,27,28,23.4,56.62,7.4,162.64,coffee
27,130,179,25.91,74.49,5.32,74.75,grapes
24,50,21,25.02,66.61,6.24,56.8,mungbean
100,34,31,25.57,66.37,7.7,189.83,coffee
23,65,24,18.94,22.29,5.68,103.74,kidneybeans
118,54,21,23.86,86.62,7.59,91.54,cotton
26,129,202,23.01,82.53,5.93,115.89,apple
113,71,46,27.62,85.62,6.8,105.52,banana
46,70,22,30.7,65.19,6.94,73.08,blackgram
80,24,50,26.33,47.24,6.38,49.91,watermelon
21,19,29,27.13,97.29,6.08,180.34,coconut
19,69,21,24.02,77.4,6.98,47.08,lentil
23,18,11,24.45,87.96,6.55,118.83,orange
49,63,49,35.46,81.37,7.56,125.64,papaya
21,69,19,25.56,43.77,6.09,135.9,pigeonpeas
20,17,8,22.52,92.88,7.5,118.0,orange
73,40,44,23.48,93.72,6.62,235.47,rice
85,20,52,31.41,90.43,6.92,28.04,muskmelon
16,60,21,27.18,48.53,6.71,127.16,pigeonpeas
111,26,40,27.83,81.89,5.62,25.35,muskmelon
16,16,35,26.72,90.27,5.59,111.41,coconut
80,49,43,25.73,77.22,6.34,168.94,jute
81,79,49,24.64,77.09,5.81,100.04,banana
40,68,17,30.19,66.99,7.29,74.79,blackgram
48,60,60,34.29,90.23,6.76,141.21,papaya
118,77,53,27.96,88.25,5.85,96.77,banana
147,49,18,24.93,80.04,6.77,71.73,cotton
80,24,47,30.62,48.01,5.42,44.44,watermelon
22,18,8,20.76,98.46,6.55,122.88,orange
121,26,29,23.88,57.32,6.68,176.09,coffee
40,67,80,17.77,15.53,7.0,88.78,chickpea
77,49,40,24.09,83.7,6.74,206.41,rice
17,58,21,29.7,59.1,7.11,50.11,mothbeans
18,17,8,21.83,78.05,6.12,105.75,orange
25,26,27,30.44,52.62,5.56,97.71,mango
116,30,32,22.92,64.68,6.37,120.19,coffee
21,59,19,26.58,55.47,6.14,41.52,mothbeans
38,56,21,31.33,62.86,6.85,74.51,blackgram
16,16,40,19.73,98.9,7.55,114.2,pomegranate
88,47,18,21.92,68.03,5.81,84.62,maize
22,61,17,28.67,52.07,7.3,48.48,mothbeans
131,41,25,23.38,80.14,7.4,61.09,cotton
55,49,51,33.62,87.89,7.39,132.24,papaya
23,61,19,23.99,46.58,5.99,164.85,pigeonpeas
21,66,15,26.64,57.45,6.71,58.5,mothbeans
20,64,21,19.01,21.46,5.74,117.55,kidneybeans
104,24,35,27.55,57.18,6.99,180.48,coffee
40,75,16,31.28,61.99,6.16,60.56,blackgram
18,71,16,25.12,67.34,6.6,45.05,lentil
21,16,36,26.99,92.01,5.95,189.03,coconut
90,50,39,23.63,80.48,6.88,175.55,rice
23,15,10,21.34,92.38,7.62,99.39,orange
94,28,43,28.86,89.95,6.3,33.09,muskmelon
72,22,44,25.35,47.06,6.86,49.83,watermelon
21,60,20,19.97,22.25,6.71,98.4,kidneybeans
80,24,56,28.83,53.38,5.88,56.41,watermelon
112,64,48,26.22,84.61,5.98,127.63,banana
25,78,20,26.52,47.62,5.91,178.8,pigeonpeas
18,77,18,27.46,52.29,5.69,51.91,mothbeans
82,73,46,26.66,76.35,6.34,84.78,banana
91,41,47,25.71,76.29,6.97,161.34,jute
92,45,17,23.98,85.35,7.92,80.9,cotton
19,18,45,20.61,84.36,6.44,114.1,pomegranate
22,61,21,26.78,46.25,5.44,198.09,pigeonpeas
46,64,86,17.57,17.12,7.73,75.56,chickpea
84,50,16,22.11,61.86,5.65,114.17,maize
21,17,27,27.79,96.0,5.14,195.85,coconut
18,16,42,20.83,79.59,5.65,93.13,pomegranate
71,50,38,22.61,82.91,6.72,215.84,rice
22,69,21,25.51,48.19,6.0,164.86,pigeonpeas
24,98,205,23.51,88.32,5.69,51.17,grapes
35,67,22,30.75,65.58,7.72,63.86,blackgram
25,16,26,28.38,92.63,6.21,194.65,coconut
40,64,88,17.75,16.69,7.36,96.29,chickpea
40,78,22,28.22,67.65,7.46,63.23,blackgram
23,19,24,26.56,100.0,6.16,135.72,coconut
87,53,21,23.17,65.88,6.9,98.3,maize
104,80,55,27.76,81.32,6.33,106.69,banana
21,66,17,26.57,62.65,6.93,41.92,mothbeans
103,78,52,27.03,83.71,6.32,107.11,banana
20,70,21,18.91,22.05,4.77,107.67,kidneybeans
21,17,47,21.21,88.66,5.49,87.01,pomegranate
33,60,75,19.33,16.35,7.67,74.83,chickpea
22,17,34,25.92,92.33,6.04,142.63,coconut
21,16,9,20.54,97.23,7.26,116.62,orange
29,59,17,27.83,52.4,5.83,160.3,pigeonpeas
93,77,49,26.93,77.89,6.16,82.13,banana
105,76,45,26.43,77.64,5.3,96.79,banana
18,131,210,19.55,90.02,5.66,136.82,apple
15,71,15,21.76,22.22,6.16,93.63,kidneybeans
95,29,51,31.23,92.67,6.34,23.83,muskmelon
16,53,20,27.19,57.98,7.1,42.85,mungbean
19,65,21,28.59,48.86,6.35,50.95,mothbeans
19,16,36,27.27,100.0,5.77,180.4,coconut
75,50,13,22.51,49.99,5.43,100.15,maize
24,150,210,21.28,94.73,6.14,103.74,apple
18,16,32,26.4,92.23,6.05,206.81,coconut
20,81,19,17.84,24.5,6.01,104.12,kidneybeans
23,71,22,28.22,56.47,6.07,52.52,mothbeans
20,45,18,30.37,50.86,7.34,45.33,mungbean
19,65,17,21.88,65.87,7.79,47.12,lentil
82,30,53,24.63,48.88,7.09,61.09,watermelon
22,48,13,26.48,59.82,6.7,49.42,mungbean
16,62,17,23.93,48.34,4.76,126.2,pigeonpeas
21,50,21,25.5,49.4,5.21,150.54,pigeonpeas
19,65,14,25.99,46.49,5.33,152.98,pigeonpeas
21,66,22,18.98,20.58,5.8,112.57,kidneybeans
72,43,21,19.97,65.5,6.35,93.32,maize
77,58,39,24.84,85.08,6.71,170.49,jute
40,57,66,18.61,14.35,7.42,75.41,chickpea
22,150,210,21.11,87.61,6.04,112.88,apple
19,16,9,19.59,92.8,6.83,91.85,orange
120,36,20,23.86,73.78,6.72,77.01,cotton
83,43,39,22.79,83.89,6.91,196.42,rice
24,16,26,25.13,97.53,5.86,189.52,coconut
27,140,210,22.78,79.3,6.84,65.14,grapes
15,70,19,25.24,67.37,5.25,49.01,lentil
78,26,50,25.52,58.04,5.7,61.33,watermelon
18,123,167,22.64,87.29,5.79,69.6,grapes
23,141,204,22.61,83.98,6.4,65.33,grapes
42,67,19,30.53,68.87,6.63,69.96,blackgram
20,18,49,22.27,86.79,5.89,90.26,pomegranate
46,67,60,18.67,17.57,7.48,89.42,chickpea
21,17,33,26.34,93.92,5.81,168.33,coconut
82,39,20,22.48,66.14,6.39,98.32,maize
22,75,18,25.19,71.65,8.0,52.55,lentil
22,124,168,22.21,87.79,6.04,63.79,grapes
77,27,39,27.21,49.93,6.25,53.47,watermelon
89,51,50,26.67,77.48,6.95,163.29,jute
94,31,23,26.24,52.93,6.26,164.3,coffee
98,28,30,24.98,60.8,6.92,171.35,coffee
22,85,22,21.77,22.24,5.67,109.8,kidneybeans
97,51,31,22.34,76.22,7.54,193.71,jute
19,71,19,26.71,60.08,6.72,48.33,mothbeans
16,63,21,18.69,22.83,6.11,106.6,kidneybeans
89,78,57,27.07,72.5,6.26,100.0,banana
20,75,18,18.22,22.19,4.9,101.98,kidneybeans
21,16,28,27.76,94.44,6.11,182.13,coconut
48,69,50,35.32,93.01,6.26,151.39,papaya
47,56,54,36.42,92.15,7.66,132.72,papaya
25,52,21,31.01,54.6,6.9,50.11,mungbean
19,28,25,29.75,50.31,6.01,93.89,mango
18,18,41,21.91,82.74,6.33,107.25,pomegranate
94,29,42,29.27,45.73,7.17,55.99,watermelon
19,59,23,21.65,20.69,6.14,103.9,kidneybeans
76,50,16,23.57,61.08,6.02,94.75,maize
20,150,187,23.86,100.0,5.47,123.03,apple
43,66,17,29.75,61.2,7.38,76.78,blackgram
40,69,76,18.72,17.95,7.58,77.5,chickpea
21,128,208,23.67,79.43,6.9,73.55,grapes
23,143,170,23.98,84.87,6.61,77.48,grapes
100,84,59,24.6,75.63,7.35,101.56,banana
138,45,19,25.33,75.28,6.89,70.02,cotton
74,50,46,23.84,70.73,6.56,226.94,rice
15,18,33,22.58,90.16,6.27,97.06,pomegranate
25,46,22,26.74,59.41,6.42,55.12,mungbean
114,83,65,26.41,89.47,5.92,121.83,banana
87,51,47,27.65,82.61,6.04,212.22,jute
18,51,20,25.66,59.32,6.08,47.69,mungbean
96,48,24,21.88,64.5,6.48,131.24,maize
34,74,62,18.23,18.61,7.59,81.64,chickpea
33,65,96,18.49,17.57,7.37,83.17,chickpea
31,71,73,18.62,17.05,7.74,91.28,chickpea
26,123,143,23.36,100.0,6.68,129.33,apple
75,51,43,23.19,85.74,6.52,239.31,rice
19,58,19,19.78,21.15,5.97,99.38,kidneybeans
45,57,57,33.13,95.13,6.36,131.68,papaya
100,26,31,25.29,56.47,7.16,177.49,coffee
35,61,20,28.3,63.0,6.4,71.44,blackgram
20,76,19,21.38,22.72,5.81,106.83,kidneybeans
23,26,34,31.29,54.76,5.31,94.91,mango
23,25,26,30.42,52.14,5.99,99.6,mango
18,20,26,26.44,87.48,5.56,175.28,coconut
51,61,53,36.23,90.3,6.26,142.49,papaya
21,150,200,23.44,88.7,5.78,115.17,apple
36,69,80,18.31,18.11,6.27,89.35,chickpea
21,15,42,21.02,91.88,6.13,125.93,pomegranate
40,64,74,18.51,17.2,7.67,81.27,chickpea
89,22,56,28.04,76.97,7.42,22.59,muskmelon
22,149,210,22.46,95.54,6.22,135.64,apple
95,25,46,28.66,100.0,6.59,26.35,muskmelon
112,29,53,28.12,95.62,6.74,32.81,muskmelon
20,28,26,28.6,51.23,5.29,82.46,mango
21,22,35,31.35,47.99,5.72,88.99,mango
63,48,21,23.95,82.93,7.04,86.51,cotton
21,20,27,27.08,97.64,5.49,161.65,coconut
17,17,30,20.31,88.66,6.29,99.42,pomegranate
86,58,46,23.61,90.58,6.62,247.36,rice
84,22,51,28.8,100.0,5.8,24.62,muskmelon
107,26,29,21.68,62.08,6.7,170.71,coffee
39,57,48,30.75,89.61,5.59,138.95,papaya
20,62,17,27.41,61.12,6.95,63.43,mothbeans
68,61,21,21.03,67.52,6.24,92.12,maize
23,31,35,30.24,47.14,6.39,101.2,mango
109,25,56,28.38,100.0,6.21,22.29,muskmelon
23,63,20,25.66,44.4,5.95,153.34,pigeonpeas
25,47,23,27.1,60.88,6.87,38.22,mungbean
98,28,31,25.47,64.02,6.8,136.15,coffee
22,133,185,22.21,84.03,6.09,87.91,grapes
22,18,33,29.01,99.11,5.69,161.53,coconut
120,40,20,25.11,80.46,7.66,59.09,cotton
22,58,21,28.77,49.4,5.86,148.27,pigeonpeas
86,48,39,21.92,84.12,5.96,242.97,rice
23,127,170,22.37,99.9,5.59,104.95,apple
17,17,34,19.7,82.12,5.85,125.59,pomegranate
97,20,26,28.84,56.68,6.02,158.48,coffee
41,66,80,18.08,16.31,7.61,107.98,chickpea
123,49,20,25.28,80.31,6.27,87.87,cotton
70,52,36,26.23,83.65,6.41,207.84,jute
20,22,26,31.74,54.42,5.87,90.31,mango
122,90,51,27.41,80.66,5.4,103.87,banana
47,50,47,33.52,93.95,6.49,122.95,papaya
19,134,210,23.08,95.44,5.84,125.86,apple
42,66,64,19.07,17.37,6.88,77.31,chickpea
58,43,36,19.8,77.26,5.93,219.57,rice
27,65,19,27.19,50.84,5.54,138.64,pigeonpeas
18,69,19,29.28,59.13,7.47,45.47,mothbeans
23,53,19,28.06,61.08,7.21,47.23,mungbean
85,42,44,27.09,82.92,6.93,148.44,jute
16,19,37,19.47,87.15,6.57,104.41,pomegranate
26,125,205,21.33,77.59,6.06,70.26,grapes
17,78,22,30.92,53.16,7.59,50.42,mothbeans
59,45,40,25.69,72.61,5.77,202.44,jute
73,48,21,20.67,66.78,6.33,73.43,maize
21,14,25,31.9,100.0,6.53,160.83,coconut
86,39,18,20.47,60.29,6.33,71.24,maize
36,71,84,16.75,17.16,7.9,87.46,chickpea
96,80,56,25.83,86.49,6.69,114.49,banana
82,54,36,23.46,81.87,6.56,202.5,rice
18,20,36,25.53,93.11,5.47,172.47,coconut
62,39,43,24.67,77.62,6.43,144.11,jute
21,28,31,30.67,47.79,6.31,98.99,mango
83,23,48,29.13,93.02,6.38,24.24,muskmelon
19,136,206,21.27,91.2,6.92,144.26,apple
88,81,51,26.5,88.04,5.65,122.53,banana
21,70,17,26.28,48.61,6.54,154.0,pigeonpeas
44,76,18,29.86,57.89,7.74,87.35,blackgram
22,16,9,20.09,93.5,6.59,125.83,orange
34,84,71,18.81,15.28,6.76,94.56,chickpea
85,25,48,25.18,48.36,6.64,49.89,watermelon
93,77,44,28.65,75.35,5.66,120.82,banana
26,116,210,18.2,95.69,5.02,107.76,apple
44,61,88,16.52,17.33,7.4,74.08,chickpea
111,32,31,24.62,56.55,7.03,184.49,coffee
21,68,22,24.8,45.58,5.93,148.2,pigeonpeas
19,17,9,23.69,96.71,6.87,94.43,orange
17,101,202,22.39,85.48,6.39,117.1,apple
22,16,24,26.06,99.01,5.8,168.12,coconut
45,60,56,32.42,89.92,6.68,122.18,papaya
65,23,53,24.39,51.23,6.21,54.78,watermelon
24,73,20,23.86,53.4,7.5,45.26,mothbeans
46,63,62,35.67,96.06,6.5,146.82,papaya
41,77,80,15.56,16.81,7.2,100.12,chickpea
19,16,39,19.73,100.0,6.94,111.54,pomegranate
44,69,88,18.94,16.18,6.24,94.82,chickpea
51,55,49,29.82,89.25,6.49,128.76,papaya
20,65,18,22.62,64.42,6.59,40.42,lentil
22,150,171,21.83,98.74,5.48,128.32,apple
20,15,35,22.5,91.91,6.28,116.31,pomegranate
39,75,82,17.89,18.39,7.16,62.9,chickpea
16,29,24,31.53,47.47,5.14,97.72,mango
41,87,69,17.89,18.83,8.0,73.32,chickpea
17,18,36,21.96,84.46,6.42,108.68,pomegranate
82,20,55,24.07,49.35,6.84,60.54,watermelon
19,52,15,18.49,20.27,5.63,90.02,kidneybeans
18,49,21,32.15,57.76,6.75,44.68,mungbean
107,26,54,28.98,88.52,5.94,23.68,muskmelon
78,23,53,25.95,48.78,6.46,65.52,watermelon
19,67,23,18.76,21.89,6.01,75.0,kidneybeans
124,25,44,28.91,88.23,6.73,25.08,muskmelon
21,31,32,29.96,53.32,5.51,96.86,mango
79,46,40,20.67,74.88,5.72,198.07,rice
37,69,16,31.26,61.28,7.31,65.62,blackgram
31,66,81,16.61,16.96,7.33,59.3,chickpea
85,85,51,28.56,79.36,6.38,102.83,banana
41,76,16,30.06,60.77,7.39,76.53,blackgram
21,64,20,27.89,53.94,6.24,167.57,pigeonpeas
60,57,45,31.71,88.18,6.4,132.18,papaya
22,72,25,25.63,50.47,5.9,121.72,pigeonpeas
15,49,21,27.66,55.87,6.95,39.56,mungbean
24,16,31,28.1,100.0,6.32,176.57,coconut
127,54,17,24.35,70.86,6.09,74.35,cotton
20,144,186,21.37,81.09,6.67,71.52,grapes
19,135,160,18.94,96.59,5.72,111.39,apple
16,59,16,25.12,67.77,7.9,42.21,lentil
91,79,45,29.64,80.09,6.08,98.91,banana
80,43,38,27.3,80.01,6.51,171.32,jute
20,122,167,22.14,84.24,5.68,102.46,apple
18,17,44,21.88,92.98,6.28,100.65,pomegranate
22,131,203,22.77,96.26,5.64,136.18,apple
24,49,21,26.75,59.56,7.1,52.13,mungbean
88,25,51,29.43,95.06,6.93,25.59,muskmelon
83,32,32,24.2,59.42,7.48,179.59,coffee
105,26,31,27.59,58.59,6.01,141.94,coffee
22,74,18,25.31,46.36,5.51,164.15,pigeonpeas
78,48,48,22.6,85.26,5.35,204.27,jute
24,81,18,20.02,22.01,5.66,96.82,kidneybeans
85,87,45,28.78,73.79,6.06,119.49,banana
79,52,22,19.86,55.37,6.8,108.54,maize
80,41,45,25.22,78.19,6.57,154.71,jute
86,44,22,21.52,62.12,6.76,95.35,maize
24,73,24,26.9,54.88,5.57,136.2,pigeonpeas
17,25,32,31.89,51.38,7.08,102.0,mango
21,67,22,19.91,20.49,5.64,105.85,kidneybeans
23,19,43,20.74,89.78,6.23,116.05,pomegranate
91,24,60,26.63,50.79,6.57,66.49,watermelon
41,58,18,31.14,68.46,6.54,75.63,blackgram
88,47,17,21.58,64.83,6.2,88.41,maize
76,51,32,23.88,79.35,6.99,160.35,rice
21,78,21,28.02,58.98,6.93,45.59,mothbeans
20,70,24,20.61,19.66,5.91,120.53,kidneybeans
20,22,30,32.72,47.58,5.52,100.18,mango
128,45,18,23.22,79.04,7.37,75.33,cotton
51,63,50,34.84,94.67,6.69,93.78,papaya
22,66,19,26.73,53.19,6.75,51.78,mothbeans
125,44,19,24.05,74.88,5.67,82.3,cotton
20,58,16,27.61,64.36,6.09,44.29,mungbean
22,15,9,20.69,88.38,6.22,108.18,orange
79,45,41,24.38,86.85,7.71,205.45,jute
50,69,21,27.59,65.0,7.39,67.88,blackgram
22,49,20,29.83,57.78,7.44,51.1,mungbean
110,30,27,26.4,56.15,6.38,167.23,coffee
108,78,51,26.43,84.13,5.36,94.62,banana
21,50,21,30.15,52.54,6.65,131.64,pigeonpeas
45,60,51,31.41,85.29,6.27,141.86,papaya
21,142,195,20.68,97.69,6.24,100.63,apple
20,16,28,19.64,89.67,6.43,129.82,pomegranate
74,38,20,19.94,67.71,7.06,85.92,maize
18,29,28,30.95,51.69,5.52,101.47,mango
24,16,33,30.03,89.94,6.9,183.1,coconut
17,109,190,20.26,90.08,6.69,95.98,apple
16,59,16,25.15,66.13,6.94,31.69,lentil
84,51,40,24.91,91.03,7.34,192.5,jute
17,71,22,27.71,57.24,7.11,51.03,mothbeans
20,65,19,23.91,68.05,7.76,48.03,lentil
22,19,33,28.78,92.22,5.94,201.22,coconut
37,73,20,28.21,65.26,7.2,77.85,blackgram
86,48,45,24.09,91.37,5.68,141.71,jute
17,42,21,24.37,59.87,6.34,48.58,mungbean
112,33,20,26.46,82.57,6.62,83.16,cotton
76,25,65,24.5,47.83,6.49,49.41,watermelon
23,125,204,19.95,88.85,6.38,105.12,apple
29,134,210,23.29,83.21,5.85,77.92,grapes
26,16,39,26.17,89.23,5.82,169.77,coconut
22,150,191,23.87,82.88,6.36,70.92,grapes
76,21,50,27.26,45.16,6.13,58.78,watermelon
83,50,46,22.53,74.73,6.95,216.05,rice
20,28,38,30.96,53.35,5.41,75.91,mango
22,26,34,30.64,49.93,5.54,94.92,mango
94,28,21,23.28,61.3,7.45,184.66,coffee
19,19,44,21.47,96.86,5.2,104.24,pomegranate
84,79,50,25.72,80.38,5.79,118.74,banana
25,106,162,24.98,82.5,6.05,60.61,grapes
97,50,47,24.69,82.68,7.35,194.0,jute
19,17,11,24.39,99.77,6.92,109.35,orange
128,47,20,26.67,77.82,7.58,83.66,cotton
17,24,31,27.22,49.96,5.94,91.77,mango
54,44,60,33.58,96.73,5.61,149.46,papaya
95,27,64,27.12,89.19,6.12,22.39,muskmelon
20,54,22,25.82,62.52,6.65,46.21,mothbeans
96,51,36,23.16,78.49,6.53,218.03,jute
40,64,52,16.65,18.14,6.91,83.46,chickpea
19,66,17,25.01,57.82,6.32,45.55,mothbeans
18,12,25,22.6,96.64,7.37,107.77,pomegranate
98,23,53,27.14,45.89,7.21,53.9,watermelon
21,70,21,26.51,56.17,6.67,56.89,mothbeans
94,45,24,21.53,79.88,6.87,82.76,cotton
61,58,50,33.98,98.34,6.7,133.72,papaya
95,22,42,21.02,49.79,6.07,57.63,watermelon
24,75,18,25.81,55.75,7.2,44.0,mothbeans
73,60,36,24.16,77.56,6.88,235.39,rice
23,22,25,25.67,93.54,6.97,212.76,coconut
18,60,14,26.22,56.62,6.52,56.65,mothbeans
24,61,21,26.88,54.34,6.47,58.3,mothbeans
90,42,21,20.79,61.42,7.04,88.81,maize
84,57,30,22.18,84.91,5.59,264.85,rice
73,47,18,18.5,58.71,5.39,69.35,maize
20,17,32,26.64,97.11,5.49,189.31,coconut
21,15,13,21.63,93.12,7.32,104.58,orange
19,16,43,20.82,85.69,6.71,107.17,pomegranate
22,60,22,19.11,21.31,5.27,121.39,kidneybeans
88,25,49,24.31,51.27,6.74,56.33,watermelon
29,43,20,25.49,60.42,6.38,45.45,mungbean
42,70,20,27.23,62.58,6.87,66.61,blackgram
87,46,41,24.5,88.53,6.36,261.55,rice
77,37,33,24.88,86.4,6.03,184.43,rice
115,39,20,23.65,90.67,5.96,81.55,cotton
108,48,23,25.46,73.61,6.51,82.9,cotton
21,63,22,26.55,45.22,5.67,154.07,pigeonpeas
21,15,11,20.55,85.32,6.29,122.88,orange
35,66,16,26.39,67.89,6.67,77.33,blackgram
21,78,17,23.29,72.07,7.03,44.52,lentil
118,76,56,29.88,75.92,5.91,109.9,banana
23,25,31,32.07,47.78,5.89,98.13,mango
76,55,20,22.05,63.66,6.3,114.59,maize
18,149,141,21.23,92.13,5.53,108.77,apple
18,17,35,21.31,90.24,6.12,107.29,pomegranate
22,23,29,30.76,47.14,5.35,112.18,mango
150,42,25,25.08,75.06,7.03,87.41,cotton
24,43,18,28.6,66.41,7.8,50.07,mungbean
20,74,20,24.71,44.21,5.16,158.85,pigeonpeas
41,66,62,17.65,16.67,7.21,74.59,chickpea
24,140,174,22.6,95.7,5.64,95.1,apple
118,34,36,24.76,55.38,6.26,137.11,coffee
20,59,21,26.15,46.64,6.14,129.09,pigeonpeas
99,49,37,25.52,76.39,6.52,155.24,jute
92,60,46,24.0,85.12,7.08,215.33,jute
84,49,40,26.5,77.72,8.03,191.02,jute
45,52,39,32.72,84.66,6.76,131.29,papaya
18,61,17,25.48,59.11,7.49,45.09,lentil
27,135,210,20.25,79.54,5.1,76.56,grapes
84,42,30,23.37,78.0,6.19,208.47,rice
20,18,9,23.76,95.2,6.5,134.85,orange
19,50,20,23.47,64.47,6.98,43.28,mungbean
23,29,28,29.48,49.37,5.2,84.04,mango
20,67,18,20.83,23.9,5.49,111.11,kidneybeans
17,126,190,24.59,88.39,6.46,58.66,grapes
23,48,21,27.87,62.31,6.92,43.11,mungbean
21,17,10,22.24,91.6,6.42,100.36,orange
26,79,15,29.3,50.7,5.08,144.54,pigeonpeas
103,91,48,27.08,85.67,4.91,112.43,banana
69,46,35,23.99,91.83,5.8,202.39,rice
21,73,17,26.27,52.35,5.3,165.66,pigeonpeas
17,17,29,23.17,88.81,6.63,126.89,pomegranate
109,27,32,24.41,57.16,7.25,172.18,coffee
105,26,45,25.15,92.27,6.03,27.07,muskmelon
32,54,21,28.53,66.18,7.54,59.32,blackgram
47,74,46,29.6,86.86,6.94,158.64,papaya
50,61,45,33.81,94.8,5.81,144.89,papaya
17,18,41,22.34,94.07,6.95,115.88,pomegranate
19,80,18,19.18,24.03,5.8,98.04,kidneybeans
45,62,69,15.67,16.73,6.96,65.11,chickpea
23,40,17,25.06,63.12,7.04,50.91,mungbean
20,46,16,29.0,62.4,7.18,42.99,mungbean
21,21,32,32.17,53.74,6.78,75.7,mango
23,70,23,26.93,43.95,6.25,143.33,pigeonpeas
90,27,40,26.67,86.81,6.86,28.7,muskmelon
24,30,29,28.75,54.01,5.78,75.32,mango
21,61,17,26.17,59.43,6.98,37.4,mothbeans
17,66,19,23.8,51.05,5.67,163.31,pigeonpeas
92,24,57,27.25,85.46,7.15,25.23,muskmelon
82,57,41,22.84,83.41,7.07,230.92,rice
19,18,36,23.61,86.87,7.2,105.55,pomegranate
92,22,47,30.08,99.26,5.6,21.14,muskmelon
22,71,22,26.11,48.12,5.77,162.67,pigeonpeas
21,126,210,22.45,95.24,5.98,122.24,apple
21,63,21,30.7,64.34,7.1,42.3,mungbean
82,42,43,23.91,83.89,6.68,233.0,rice
24,81,23,18.87,22.27,5.9,82.2,kidneybeans
21,117,207,23.26,93.31,5.64,112.95,apple
81,49,52,25.59,77.8,6.25,185.49,rice
17,33,29,32.11,49.0,5.64,89.81,mango
39,64,45,33.44,80.44,6.22,118.86,papaya
17,55,18,25.29,60.63,6.99,56.6,mothbeans
133,42,26,24.28,69.47,7.11,73.09,cotton
19,16,47,22.01,91.7,6.24,112.3,pomegranate
20,72,21,28.44,52.1,6.26,133.18,pigeonpeas
43,61,50,35.52,95.76,6.95,159.97,papaya
15,60,18,25.64,64.87,6.63,52.77,lentil
56,36,19,22.02,66.65,6.54,90.62,maize
39,71,93,18.2,16.07,7.78,88.84,chickpea
86,29,48,27.69,89.09,6.93,26.62,muskmelon
104,38,17,25.92,75.28,6.62,100.2,cotton
20,69,22,20.38,23.66,5.66,100.81,kidneybeans
42,76,80,16.61,15.61,6.47,63.03,chickpea
17,42,23,28.13,61.62,6.76,44.2,mungbean
85,29,30,27.35,58.79,6.81,159.39,coffee
96,27,24,25.04,59.67,6.72,157.83,coffee
21,14,9,22.14,79.46,6.83,105.19,orange
81,25,44,25.32,49.04,5.85,57.56,watermelon
21,15,10,20.05,90.71,6.36,108.97,orange
23,150,174,25.49,75.41,5.83,62.02,grapes
101,32,35,24.27,57.87,6.74,145.96,coffee
22,83,18,26.88,49.23,5.79,140.99,pigeonpeas
16,25,29,33.18,46.41,5.53,84.76,mango
21,146,187,22.91,83.96,5.68,98.33,apple
18,28,28,25.88,51.95,5.32,100.33,mango
18,16,38,19.36,97.58,5.67,105.41,pomegranate
100,26,28,27.62,53.17,6.4,176.06,coffee
20,61,21,27.5,50.57,6.15,170.53,pigeonpeas
104,26,29,25.23,56.06,6.8,124.82,coffee
29,112,201,22.69,82.47,6.09,79.58,grapes
105,55,22,23.22,75.85,7.66,83.47,cotton
22,15,47,21.66,91.78,6.24,116.56,pomegranate
45,56,56,36.23,84.99,6.42,136.43,papaya
20,126,174,20.78,89.64,4.75,111.78,apple
42,62,21,31.3,62.0,6.82,51.31,blackgram
22,73,18,27.08,46.2,5.56,129.75,pigeonpeas
84,25,57,24.82,44.88,6.67,41.51,watermelon
55,50,53,32.62,91.31,6.4,135.13,papaya
42,87,20,32.63,62.11,7.08,75.2,blackgram
25,126,207,23.26,84.96,6.29,48.11,grapes
19,76,19,24.46,64.27,6.54,48.89,lentil
77,48,37,24.37,76.2,6.8,219.85,rice
87,35,35,24.38,56.63,6.3,140.75,coffee
57,59,51,30.5,86.13,7.19,146.06,papaya
37,59,66,19.86,17.28,7.52,77.03,chickpea
94,28,29,24.26,56.8,7.45,134.97,coffee
71,46,36,24.7,80.42,7.69,169.55,jute
21,67,18,30.86,57.77,6.58,50.16,mothbeans
17,16,32,19.72,97.35,6.33,132.5,pomegranate
57,60,64,34.65,89.48,7.01,139.13,papaya
19,67,19,25.16,46.73,5.58,137.91,pigeonpeas
20,125,159,21.11,99.67,5.72,113.58,apple
20,54,20,21.29,20.42,5.99,109.18,kidneybeans
20,17,9,23.24,93.14,6.97,93.22,orange
19,63,16,25.77,52.05,7.14,66.8,mothbeans
89,40,40,22.33,80.39,6.91,239.53,rice
18,41,21,31.1,61.42,6.69,52.41,mungbean
107,30,54,26.56,44.41,6.58,51.38,watermelon
21,17,45,20.3,90.58,6.07,113.16,pomegranate
23,19,31,28.42,91.79,6.32,196.33,coconut
22,19,33,28.76,91.52,5.8,170.74,coconut
83,44,47,23.34,82.54,7.09,168.42,jute
17,16,40,20.01,90.52,5.91,86.47,pomegranate
15,63,18,21.89,19.75,5.04,118.99,kidneybeans
15,59,22,24.41,53.24,7.77,46.18,mothbeans
94,46,46,22.62,94.06,6.5,189.85,jute
19,61,19,21.59,22.87,5.71,99.19,kidneybeans
69,51,43,20.94,85.44,7.45,229.64,rice
17,79,20,26.91,65.69,8.25,46.98,lentil
47,63,52,34.75,84.28,6.67,141.87,papaya
21,16,44,21.1,83.33,6.74,109.89,pomegranate
22,15,10,20.95,94.46,6.23,95.38,orange
47,61,78,18.81,17.06,6.65,83.98,chickpea
89,47,44,24.01,82.19,7.24,181.97,jute
17,16,38,22.02,89.39,5.93,105.77,pomegranate
111,44,18,23.74,85.34,6.06,83.33,cotton
18,54,21,27.38,63.92,6.44,51.78,mothbeans
17,57,19,28.28,63.08,6.36,44.85,mungbean
24,150,189,22.88,75.83,5.92,57.49,grapes
21,42,19,31.62,60.34,6.24,49.04,mungbean
17,71,19,23.56,63.72,6.62,36.92,lentil
112,44,24,24.91,69.35,7.15,74.42,cotton
22,53,18,20.93,21.63,5.47,122.65,kidneybeans
22,24,27,32.14,52.83,6.22,97.45,mango
106,26,51,28.92,94.25,6.4,20.63,muskmelon
20,63,21,20.73,21.43,6.06,117.34,kidneybeans
17,19,11,23.79,94.19,5.52,93.57,orange
23,76,20,28.26,42.93,6.2,153.19,pigeonpeas
83,52,19,22.74,66.17,6.02,82.2,maize
92,46,41,24.03,81.66,6.34,173.35,jute
115,33,31,24.63,60.17,6.69,119.02,coffee
145,47,22,23.83,71.01,7.27,73.68,cotton
65,48,20,21.08,67.19,5.62,90.36,maize
18,63,21,23.0,70.79,6.73,46.11,lentil
23,74,18,18.06,21.3,6.11,98.17,kidneybeans
18,17,38,21.35,100.0,6.34,102.36,pomegranate
54,53,55,34.72,85.28,6.66,135.45,papaya
100,57,42,21.95,76.53,7.01,232.09,rice
20,72,23,28.2,50.62,5.27,170.05,pigeonpeas
97,27,56,28.85,88.7,6.77,24.23,muskmelon
21,52,19,25.77,67.12,6.57,44.73,mungbean
22,85,19,20.5,23.66,6.22,105.15,kidneybeans
74,47,19,23.21,57.34,6.73,90.67,maize
69,49,39,24.35,84.71,6.83,185.78,jute
24,57,21,20.3,23.43,5.95,75.05,kidneybeans
47,76,83,18.17,16.79,7.7,76.44,chickpea
132,48,19,21.23,87.81,6.32,93.27,cotton
20,72,21,28.4,60.48,7.12,49.41,mothbeans
24,150,210,22.04,87.18,6.81,126.82,apple
64,69,51,32.18,98.77,6.5,133.55,papaya
20,16,40,21.48,99.28,6.8,123.74,pomegranate
88,50,18,26.71,81.21,6.46,77.44,cotton
21,28,30,31.98,52.24,5.89,93.37,mango
24,150,210,21.12,80.28,5.25,82.77,grapes
16,29,27,33.03,47.8,5.55,98.93,mango
117,29,28,24.19,54.52,5.85,170.84,coffee
101,30,29,26.5,59.12,6.71,154.44,coffee
117,48,19,23.15,78.84,6.64,100.93,cotton
25,65,19,27.76,55.08,7.43,52.17,mothbeans
22,15,26,26.06,95.74,5.54,168.07,coconut
27,14,25,25.71,99.64,5.14,187.54,coconut
23,18,34,27.94,98.13,5.53,181.18,coconut
20,135,204,22.53,96.05,5.53,94.76,apple
20,13,9,21.26,93.58,8.05,117.55,orange
17,26,31,31.5,49.43,5.71,92.32,mango
21,26,29,30.45,48.72,5.91,99.68,mango
19,17,12,25.26,96.12,7.61,132.66,orange
86,101,44,28.86,80.57,5.8,104.44,banana
24,122,191,22.19,83.82,5.69,132.61,apple
22,138,173,23.45,75.45,5.97,60.18,grapes
42,59,18,31.67,71.91,7.37,62.46,blackgram
20,50,22,21.72,23.97,5.86,105.58,kidneybeans
24,103,201,25.26,90.23,5.13,72.51,grapes
88,51,24,23.76,86.24,6.89,95.35,cotton
17,75,14,24.5,71.32,7.69,48.15,lentil
88,84,36,26.07,84.61,5.94,106.49,banana
23,68,19,28.66,57.93,6.35,39.7,mothbeans
24,127,190,21.51,91.64,5.16,107.56,apple
68,50,43,23.4,76.49,6.77,154.74,jute
12,78,15,25.21,61.53,7.48,63.71,lentil
100,29,30,24.16,60.66,7.25,191.82,coffee
20,16,9,19.15,95.77,6.31,110.84,orange
16,54,22,25.97,67.34,6.41,56.0,lentil
40,78,22,28.42,62.48,7.38,64.76,blackgram
100,81,48,28.91,77.48,5.26,96.45,banana
21,72,25,20.33,22.64,5.21,88.78,kidneybeans
18,21,43,20.29,89.63,6.39,98.05,pomegranate
72,44,37,23.91,86.07,7.11,155.42,jute
51,58,50,34.42,86.26,6.6,165.6,papaya
14,65,19,24.24,66.48,7.03,44.54,lentil
19,14,28,27.95,89.52,5.17,155.91,coconut
23,69,18,18.96,19.83,5.83,100.53,kidneybeans
21,67,19,19.46,23.95,5.65,95.1,kidneybeans
20,73,25,27.1,55.34,6.16,53.31,mothbeans
51,60,48,33.83,85.77,6.71,146.01,papaya
33,60,86,18.54,17.1,6.64,87.36,chickpea
100,20,44,26.65,48.24,5.71,68.46,watermelon
18,22,35,33.09,49.68,5.15,80.1,mango
18,28,28,32.01,46.67,5.17,103.61,mango
81,46,19,23.15,69.68,7.2,109.99,maize
97,87,49,29.72,80.38,5.81,99.21,banana
84,43,42,21.68,86.32,6.37,220.01,rice
22,72,18,27.26,65.65,6.79,45.84,mothbeans
13,132,210,24.37,86.6,5.97,94.79,apple
25,64,14,20.61,21.08,5.72,103.91,kidneybeans
17,64,24,25.44,68.68,6.75,44.42,lentil
37,67,90,18.42,15.58,7.68,69.59,chickpea
21,67,23,21.45,21.57,5.6,113.37,kidneybeans
125,44,22,24.69,78.33,7.46,81.97,cotton
23,78,18,26.99,43.03,5.22,168.86,pigeonpeas
42,64,70,17.4,18.09,7.65,78.75,chickpea
45,67,74,15.54,17.65,7.23,70.28,chickpea
86,25,56,29.03,85.52,5.85,22.57,muskmelon
19,112,210,24.47,81.22,6.27,74.52,grapes
19,89,16,23.65,64.97,6.64,51.72,lentil
16,135,210,21.69,98.48,6.43,106.15,apple
25,45,19,28.81,53.39,6.46,53.65,mungbean
21,77,20,25.06,49.57,5.57,183.98,pigeonpeas
42,73,52,19.29,13.89,6.94,89.84,chickpea
133,41,22,22.62,79.67,6.45,77.95,cotton
36,63,74,17.39,18.12,7.67,96.42,chickpea
22,67,18,25.93,44.51,6.25,151.42,pigeonpeas
23,129,210,27.74,84.06,5.65,59.11,grapes
21,145,210,21.22,97.85,5.5,133.49,apple
19,58,19,18.54,22.44,5.72,111.06,kidneybeans
47,70,22,29.47,63.13,7.37,66.75,blackgram
44,51,20,29.23,64.48,6.82,71.16,blackgram
22,62,20,26.01,54.62,5.76,177.81,pigeonpeas
90,20,24,23.46,55.72,6.9,137.53,coffee
18,58,22,23.28,62.48,7.61,52.39,lentil
106,44,18,22.8,77.15,6.79,85.62,cotton
17,14,12,24.33,86.9,6.59,105.72,orange
20,16,34,23.19,98.35,6.85,102.97,pomegranate
20,18,10,22.53,93.55,7.07,146.52,orange
24,145,180,20.65,90.2,5.93,90.59,apple
21,63,17,27.43,53.78,7.03,65.76,mothbeans
107,31,30,25.58,54.65,6.16,156.08,coffee
20,76,18,24.32,68.61,6.26,46.07,lentil
72,48,19,24.14,65.4,6.19,108.61,maize
92,54,19,22.99,71.43,7.29,81.0,maize
15,20,37,20.44,83.4,5.84,113.23,pomegranate
107,27,63,27.7,81.26,5.95,22.89,muskmelon
75,41,22,21.11,65.55,6.58,115.93,maize
24,50,18,28.25,58.3,6.92,46.56,mungbean
84,42,37,25.52,79.75,6.32,133.22,jute
65,43,23,23.11,69.71,6.16,81.86,maize
18,82,24,21.61,63.62,6.33,51.46,lentil
43,59,80,18.16,16.52,7.55,72.51,chickpea
25,46,19,29.84,57.4,6.57,48.06,mungbean
24,15,34,25.88,94.7,5.65,175.07,coconut
21,20,29,24.02,100.0,5.3,170.89,coconut
126,41,21,27.07,87.37,6.62,73.16,cotton
22,52,22,19.35,23.86,5.66,107.58,kidneybeans
33,63,73,18.83,17.83,7.21,76.24,chickpea
25,70,18,25.89,56.05,7.0,58.03,mothbeans
104,26,33,26.52,59.15,6.47,149.31,coffee
49,73,21,29.88,62.57,7.14,77.54,blackgram
134,49,19,26.16,84.51,6.44,78.54,cotton
82,41,18,23.81,62.14,7.43,94.98,maize
21,60,23,28.02,60.53,7.45,46.08,mothbeans
19,68,19,24.65,63.85,6.77,55.42,lentil
24,74,24,19.77,19.29,5.61,115.23,kidneybeans
101,77,45,29.09,83.67,5.67,105.5,banana
71,26,47,26.33,50.16,6.75,54.36,watermelon
26,123,210,24.94,82.28,5.28,89.23,grapes
17,72,20,23.45,59.82,6.98,44.87,lentil
39,56,22,25.07,63.26,6.75,71.24,blackgram
78,43,38,24.16,73.5,6.62,231.42,rice
18,16,39,20.82,84.56,7.05,119.45,pomegranate
20,28,23,30.4,54.85,5.7,111.98,mango
20,16,36,25.15,99.11,5.92,180.14,coconut
123,44,21,21.19,81.35,7.61,78.84,cotton
22,59,19,25.88,60.09,6.43,56.07,mothbeans
20,51,19,29.35,60.54,7.61,46.3,mungbean
19,56,17,23.6,68.04,6.89,52.28,lentil
23,114,210,26.76,84.38,5.7,48.72,grapes
22,63,24,25.58,47.03,5.85,130.34,pigeonpeas
116,81,37,27.09,80.96,5.5,106.86,banana
82,37,24,22.8,63.3,6.59,78.93,maize
88,83,57,28.83,77.98,6.27,110.31,banana
96,29,50,29.22,81.7,6.84,24.22,muskmelon
19,120,149,24.94,83.81,5.99,51.6,grapes
17,63,18,24.78,61.85,7.32,57.78,lentil
77,25,47,27.36,44.19,6.54,49.2,watermelon
77,76,33,27.39,83.89,5.56,99.07,banana
21,114,210,21.24,95.76,6.41,101.82,apple
15,27,21,30.58,52.56,6.09,80.2,mango
22,59,21,26.76,70.02,6.96,47.72,mothbeans
97,98,53,28.52,69.61,5.96,110.17,banana
20,17,10,20.51,88.3,6.65,91.45,orange
21,20,11,22.19,93.93,5.98,113.86,orange
23,120,186,24.05,91.09,5.91,112.58,apple
71,46,46,24.52,82.32,7.29,163.32,jute
18,25,24,31.07,49.4,5.53,113.06,mango
65,53,38,22.92,76.82,6.23,260.1,rice
20,113,197,24.7,84.95,5.66,75.92,grapes
38,56,70,19.11,15.04,7.96,79.47,chickpea
58,51,53,33.01,91.53,6.29,115.19,papaya
83,47,22,21.98,66.69,5.78,94.86,maize
83,24,48,30.47,87.57,6.4,23.71,muskmelon
48,57,52,31.36,84.02,6.54,142.47,papaya
77,53,51,25.27,80.97,6.84,161.18,jute
70,48,19,20.66,71.87,7.2,107.95,maize
22,115,189,24.05,95.94,5.47,111.31,apple
21,64,22,28.58,51.77,6.21,169.46,pigeonpeas
104,29,25,21.77,56.7,7.1,151.13,coffee
22,125,197,23.43,97.16,5.21,137.55,apple
19,19,29,26.25,81.71,5.13,199.99,coconut
19,67,18,24.26,63.07,5.73,51.09,lentil
17,33,38,34.04,53.83,5.76,108.3,mango
75,22,59,32.58,91.27,6.17,24.34,muskmelon
74,47,44,24.25,75.81,7.32,183.39,jute
138,46,21,24.43,77.0,6.82,68.63,cotton
17,22,10,22.66,89.02,6.63,135.25,orange
15,16,41,21.52,89.23,6.21,118.95,pomegranate
33,70,21,30.5,63.07,7.57,56.89,blackgram
52,45,52,23.6,79.25,6.64,182.85,rice
20,78,22,25.07,58.56,7.7,48.91,mothbeans
99,25,57,28.68,90.95,6.97,20.58,muskmelon
95,17,51,27.88,55.61,6.88,66.12,watermelon
18,69,17,24.63,70.66,6.17,39.77,lentil
20,70,20,26.59,43.58,5.11,139.49,pigeonpeas
20,123,210,24.79,87.43,5.93,49.61,grapes
21,70,19,25.95,63.59,7.37,45.43,mothbeans
16,16,40,21.74,80.5,5.58,114.35,pomegranate
72,56,32,25.58,76.75,6.69,188.99,jute
66,25,40,27.08,49.25,7.46,62.07,watermelon
99,28,28,23.86,55.26,7.71,147.52,coffee
96,46,35,22.95,81.62,6.29,180.18,jute
24,135,196,19.35,89.94,6.08,139.09,apple
60,61,38,26.94,86.27,6.47,167.45,jute
23,16,9,23.65,89.22,7.19,121.11,orange
23,23,32,32.8,49.56,5.16,79.45,mango
22,72,19,22.55,22.31,4.85,92.37,kidneybeans
87,25,53,26.0,47.65,6.23,47.66,watermelon
21,73,21,28.94,48.22,5.72,169.73,pigeonpeas
112,52,20,24.49,72.15,7.26,82.76,cotton
22,15,10,21.71,97.82,6.66,102.41,orange
74,19,45,24.09,55.48,6.49,61.16,watermelon
108,24,47,28.07,96.11,6.35,29.12,muskmelon
93,44,23,24.37,73.19,8.21,67.96,cotton
23,72,23,23.38,19.74,5.36,97.24,kidneybeans
43,62,79,16.25,14.61,7.85,70.54,chickpea
38,59,17,27.03,64.08,6.27,61.6,blackgram
19,82,22,21.14,59.09,6.43,37.21,lentil
74,39,35,25.59,77.0,6.83,154.45,jute
16,19,41,21.24,97.78,6.18,98.59,pomegranate
99,24,45,30.88,78.64,6.39,23.59,muskmelon
20,22,32,27.75,92.37,5.63,196.54,coconut
100,84,45,28.46,77.02,5.58,98.17,banana
107,23,42,27.22,91.53,6.45,18.6,muskmelon
109,84,52,25.98,76.97,6.59,113.01,banana
87,45,22,22.89,60.33,6.79,102.96,maize
19,64,17,23.66,69.29,6.61,41.19,lentil
23,150,210,24.62,85.76,6.85,57.93,grapes
102,33,32,27.16,58.73,6.06,156.0,coffee
45,60,83,19.0,17.67,8.42,72.67,chickpea
21,52,22,29.06,57.34,6.91,46.15,mungbean
14,64,22,22.08,56.59,6.92,53.57,lentil
47,75,22,28.36,71.75,7.4,66.76,blackgram
110,82,47,28.21,79.2,5.44,128.28,banana
62,31,35,25.42,65.33,6.25,134.62,jute
19,25,21,30.44,50.27,5.61,115.02,mango
19,62,22,26.73,58.68,6.13,47.23,mothbeans
22,72,22,24.53,57.2,5.92,64.68,mothbeans
91,28,51,24.73,48.63,6.83,48.26,watermelon
35,63,20,28.6,66.95,7.3,60.86,blackgram
20,15,11,22.55,99.09,6.99,104.56,orange
83,30,49,27.0,57.06,6.71,49.95,watermelon
25,120,196,21.47,88.23,6.02,97.12,apple
24,126,210,19.88,92.73,5.33,109.13,apple
102,28,30,25.51,57.8,7.45,181.88,coffee
36,70,18,29.67,68.31,6.7,76.62,blackgram
92,30,48,28.08,46.87,5.94,59.97,watermelon
104,49,21,24.35,81.32,6.84,80.94,cotton
75,41,15,21.85,60.17,6.26,76.76,maize
39,65,20,31.43,71.42,7.43,76.75,blackgram
25,127,210,22.75,87.04,6.2,72.42,grapes
42,70,67,19.21,16.9,6.65,91.41,chickpea
24,124,207,25.07,83.01,5.22,71.71,grapes
22,22,35,26.53,92.02,4.55,197.44,coconut
117,86,49,28.0,80.35,5.91,109.26,banana
21,44,18,25.87,59.83,6.64,44.05,mungbean
22,64,18,30.44,61.49,7.25,53.46,mothbeans
111,46,17,25.79,84.2,7.34,93.05,cotton
20,72,20,18.84,20.74,6.36,103.03,kidneybeans
115,43,20,24.53,79.63,6.83,90.23,cotton
100,27,54,24.08,55.1,6.08,66.47,watermelon
23,14,38,28.15,93.36,5.46,197.62,coconut
13,133,200,24.43,88.44,5.91,76.86,grapes
21,143,203,22.48,84.66,6.16,108.29,apple
62,52,44,31.69,93.43,6.68,129.41,papaya
81,46,40,22.65,82.75,7.15,155.7,rice
90,22,44,26.58,46.49,6.88,54.91,watermelon
86,31,34,24.97,57.14,5.95,170.96,coffee
18,119,175,23.4,89.8,6.01,142.56,apple
21,123,159,20.83,76.06,6.09,79.04,grapes
19,29,25,29.59,42.84,4.79,115.5,mango
24,14,29,26.95,88.18,4.95,171.66,coconut
18,66,19,21.65,70.5,6.47,51.66,lentil
23,43,19,26.66,61.23,7.54,46.94,mungbean
93,31,61,28.21,86.36,5.65,25.23,muskmelon
27,15,31,27.58,93.23,5.43,158.52,coconut
20,22,10,22.43,100.0,7.11,109.11,orange
95,26,45,29.92,94.7,6.19,24.84,muskmelon
20,14,10,22.21,97.93,6.54,129.16,orange
23,84,22,29.37,45.56,5.91,133.02,pigeonpeas
23,138,192,20.7,100.0,6.2,119.7,apple
36,58,81,16.67,14.78,7.08,62.69,chickpea
42,61,18,31.78,69.65,7.96,85.15,blackgram
94,27,30,23.08,61.77,6.72,205.0,coffee
25,70,22,19.63,21.21,6.48,107.72,kidneybeans
23,15,27,25.62,100.0,6.67,179.11,coconut
43,65,78,16.31,17.4,6.27,87.22,chickpea
21,64,21,25.03,60.49,6.16,59.86,mothbeans
17,80,20,25.95,57.05,6.0,58.54,mothbeans
25,104,210,20.69,81.42,5.44,82.02,grapes
51,69,97,18.39,17.98,6.88,71.8,chickpea
21,19,11,23.13,94.06,7.1,103.35,orange
12,67,24,25.91,57.8,6.73,39.37,lentil
40,60,21,26.75,56.7,7.88,77.59,blackgram
83,88,51,24.33,81.69,5.97,111.51,banana
21,16,20,28.88,96.88,5.2,184.94,coconut
24,17,10,22.63,88.41,6.26,125.15,orange
79,53,30,21.21,74.71,5.21,206.69,rice
22,49,23,29.94,62.76,6.12,43.99,mungbean
20,14,33,27.67,79.62,5.76,191.82,coconut
20,143,199,23.39,81.28,5.88,62.71,grapes
25,52,20,30.23,57.6,5.86,47.62,mothbeans
21,16,28,26.61,100.0,5.87,150.97,coconut
22,64,22,19.95,21.36,5.56,130.46,kidneybeans
27,14,33,28.29,93.07,5.98,180.8,coconut
18,75,19,28.4,55.17,6.9,52.11,mothbeans
107,68,45,26.67,76.52,5.49,81.41,banana
23,17,11,19.75,83.09,5.72,120.38,orange
85,29,42,29.67,45.39,5.44,54.61,watermelon
113,32,38,23.85,63.56,7.67,153.6,coffee
40,67,17,29.03,63.74,7.33,73.88,blackgram
110,24,52,30.3,85.61,6.13,25.57,muskmelon
107,33,30,24.8,55.82,5.52,159.34,coffee
97,21,48,28.35,97.07,6.57,28.09,muskmelon
27,130,208,20.13,97.5,5.92,114.15,apple
84,82,44,26.36,84.44,6.12,86.32,banana
78,47,23,18.47,65.52,7.09,82.14,maize
121,23,32,30.82,88.15,6.05,23.23,muskmelon
39,61,20,33.4,70.4,7.3,69.79,blackgram
18,133,210,22.4,87.23,6.09,107.86,apple
37,61,23,31.59,67.35,7.63,53.39,blackgram
23,70,19,30.1,54.84,6.8,50.09,mothbeans
66,25,49,26.42,48.05,7.48,56.06,watermelon
104,74,50,27.5,71.9,5.91,101.18,banana
82,24,33,26.99,50.3,6.55,52.34,watermelon
24,81,21,26.39,66.67,6.57,46.57,mothbeans
74,51,41,21.0,81.67,6.53,200.71,rice
23,14,29,27.06,90.83,5.94,176.4,coconut
19,21,30,29.55,44.14,6.61,88.87,mango
25,123,173,23.53,79.38,6.07,58.72,grapes
17,18,45,19.79,90.13,5.69,105.65,pomegranate
18,61,19,18.29,21.44,5.75,99.97,kidneybeans
25,118,194,24.31,89.32,5.63,65.94,grapes
86,49,38,26.35,81.09,6.18,182.38,jute
82,57,34,23.34,90.96,5.55,190.41,rice
130,51,19,25.42,83.01,6.52,92.2,cotton
23,50,21,27.41,57.1,7.2,50.46,mungbean
39,57,22,27.84,64.3,7.08,76.01,blackgram
20,70,19,22.32,22.02,6.29,108.29,kidneybeans
74,49,41,23.3,86.29,6.51,243.33,rice
22,122,210,20.37,72.23,6.0,70.81,grapes
20,150,210,21.51,91.13,6.1,138.4,apple
19,16,38,23.16,84.58,5.92,128.88,pomegranate
23,51,18,26.35,53.02,6.16,139.97,pigeonpeas
84,52,21,24.03,69.57,6.11,99.25,maize
88,54,20,23.27,65.05,6.02,102.96,maize
19,127,205,21.84,85.8,5.37,86.04,apple
20,56,18,26.92,49.57,6.06,162.18,pigeonpeas
23,13,35,26.67,100.0,6.59,164.39,coconut
17,79,19,27.17,44.32,6.04,138.28,pigeonpeas
55,50,51,32.81,87.16,6.11,134.21,papaya
52,54,36,33.26,99.98,6.35,158.76,papaya
43,58,97,18.71,16.99,8.23,81.53,chickpea
19,21,8,21.45,92.54,6.83,124.18,orange
85,42,41,21.04,84.2,5.99,190.37,rice
26,13,9,22.29,100.0,7.11,119.27,orange
20,65,19,23.85,65.12,7.16,59.99,lentil
20,28,27,33.96,50.23,6.01,91.95,mango
114,82,36,25.21,83.66,5.26,100.88,banana
103,77,39,28.52,69.57,5.73,104.31,banana
83,40,43,25.47,80.01,6.94,167.34,jute
22,117,210,23.62,79.72,6.95,63.82,grapes
50,60,37,34.89,90.5,6.34,148.13,papaya
19,118,210,24.47,91.99,6.03,101.46,apple
20,115,210,19.25,79.79,6.68,70.06,grapes
73,23,43,25.34,51.3,6.56,68.03,watermelon
119,45,23,25.07,71.88,7.15,78.28,cotton
17,71,23,21.44,21.44,6.23,116.69,kidneybeans
79,24,53,27.0,49.31,6.99,54.48,watermelon
26,59,23,25.94,53.8,6.07,131.71,pigeonpeas
18,56,18,23.6,64.96,7.16,53.94,lentil
98,27,47,28.43,89.06,7.6,19.5,muskmelon
98,89,51,24.73,79.56,5.41,103.64,banana
14,72,21,27.64,63.47,6.6,39.88,lentil
16,136,210,23.27,91.6,5.72,142.41,apple
19,69,22,19.84,22.09,5.96,92.76,kidneybeans
22,25,32,29.49,52.28,5.53,104.71,mango
93,55,18,24.22,61.96,6.83,95.78,maize
20,17,8,20.71,98.62,6.88,113.67,orange
17,28,29,34.79,48.42,6.19,107.34,mango
20,15,32,26.44,100.0,5.81,176.23,coconut
92,44,37,23.75,85.75,6.63,179.49,rice
20,17,10,21.21,100.0,6.38,119.06,orange
110,39,35,25.2,60.99,6.05,128.17,coffee
132,46,26,23.25,84.81,7.32,73.28,cotton
20,63,23,26.5,51.18,6.0,143.83,pigeonpeas
42,67,17,31.31,64.79,7.76,64.05,blackgram
90,26,49,28.58,87.23,6.98,25.75,muskmelon
22,39,19,24.38,60.87,6.62,39.43,mungbean
91,37,30,24.66,50.49,6.98,137.46,coffee
95,45,41,24.81,74.12,5.76,181.77,rice
80,28,39,27.69,92.81,6.45,24.43,muskmelon
48,53,52,39.48,92.97,6.65,133.43,papaya
48,64,52,34.82,91.17,6.92,154.21,papaya
24,40,22,26.82,65.77,7.31,42.19,mungbean
22,138,198,20.86,91.28,6.48,67.18,grapes
20,31,32,33.47,48.92,5.46,92.43,mango
21,45,20,27.82,59.72,6.8,49.45,mungbean
36,72,84,16.31,16.26,6.96,76.49,chickpea
66,51,21,19.64,63.53,6.8,107.08,maize
18,26,29,30.04,48.68,6.32,88.18,mango
24,18,37,21.86,100.0,5.57,97.08,pomegranate
21,19,32,26.25,94.24,6.48,194.09,coconut
20,30,29,32.71,44.62,5.58,95.32,mango
67,56,20,23.7,65.58,6.69,84.73,maize
24,16,32,26.02,100.0,5.62,204.36,coconut
22,73,20,28.64,56.94,6.68,44.14,mothbeans
95,74,45,26.13,80.09,6.07,102.6,banana
24,18,34,24.48,95.33,5.77,173.17,coconut
94,41,37,21.72,80.08,5.7,242.15,rice
21,70,18,27.05,43.39,6.45,137.73,pigeonpeas
82,27,27,21.71,61.04,6.5,175.17,coffee
42,70,79,17.43,19.26,7.04,73.61,chickpea
24,20,25,27.9,100.0,6.38,130.98,coconut
18,87,22,26.46,51.6,6.12,185.39,pigeonpeas
55,57,49,33.51,91.38,6.95,163.42,papaya
99,21,53,28.53,92.87,6.73,23.18,muskmelon
19,43,18,25.84,54.6,6.79,44.58,mungbean
93,47,37,22.69,83.19,6.49,195.72,rice
111,32,23,26.57,55.87,6.93,140.2,coffee
40,67,19,29.3,65.28,7.12,61.19,blackgram
19,19,31,23.48,100.0,5.01,106.74,pomegranate
21,137,210,22.36,84.26,5.63,117.29,apple
94,23,54,23.93,44.58,6.38,44.65,watermelon
43,58,75,17.33,18.35,7.49,77.97,chickpea
77,24,54,27.78,58.11,6.26,52.26,watermelon
111,89,39,28.81,77.8,6.34,92.75,banana
101,32,33,26.82,49.17,7.48,164.36,coffee
93,34,31,23.93,57.06,6.87,156.71,coffee
24,69,21,20.44,22.92,6.74,117.23,kidneybeans
22,64,17,28.08,58.04,7.28,54.74,mothbeans
65,21,50,23.09,49.11,5.78,65.82,watermelon
30,68,20,30.33,73.21,7.8,76.59,blackgram
122,79,57,25.47,82.02,4.88,90.87,banana
88,51,18,22.35,71.77,6.11,70.77,cotton
23,76,20,17.65,22.93,4.94,108.89,kidneybeans
88,55,20,21.34,65.86,6.03,94.98,maize
79,27,46,30.3,97.11,6.4,21.93,muskmelon
23,18,10,22.71,96.06,6.58,119.66,orange
18,20,38,20.2,100.0,6.38,130.92,pomegranate
74,40,16,22.86,62.94,6.0,95.1,maize
118,23,42,29.44,95.81,6.69,24.71,muskmelon
27,116,192,24.26,81.36,5.76,78.48,grapes
44,59,63,32.63,92.67,6.84,134.74,papaya
91,26,54,28.15,94.46,5.57,21.87,muskmelon
18,18,10,23.44,93.63,6.76,110.88,orange
103,23,50,30.06,100.0,6.43,24.88,muskmelon
65,56,42,21.89,88.74,7.22,166.01,jute
24,150,210,23.64,76.15,5.75,86.24,grapes
89,35,46,25.75,77.37,6.25,214.82,jute
85,49,45,25.56,76.8,6.43,163.18,jute
93,26,28,26.09,54.75,6.77,150.82,coffee
106,54,22,24.78,85.92,5.84,87.64,cotton
22,15,38,19.43,86.19,7.04,127.28,pomegranate
90,41,16,21.63,82.05,6.78,77.52,cotton
25,63,20,21.36,24.78,5.44,104.79,kidneybeans
22,19,10,21.85,100.0,6.99,111.0,orange
108,32,35,23.9,58.79,6.93,159.62,coffee
23,71,20,20.47,20.86,6.09,90.99,kidneybeans
28,150,202,23.3,78.55,5.92,72.6,grapes
25,142,210,22.54,87.92,5.35,58.34,grapes
38,69,58,18.26,18.94,7.04,82.49,chickpea
20,19,24,34.82,46.72,6.46,84.35,mango
18,17,37,21.08,93.39,6.28,102.13,pomegranate
55,60,51,35.09,86.78,7.43,144.97,papaya
17,67,20,19.44,24.65,5.95,114.15,kidneybeans
103,22,27,22.0,55.85,7.45,135.51,coffee
17,17,34,22.96,96.24,6.38,93.04,pomegranate
18,47,20,29.42,66.62,7.11,44.89,mungbean
47,49,43,33.44,83.13,6.86,136.95,papaya
19,84,21,20.86,19.88,5.32,120.6,kidneybeans
22,63,19,25.7,54.54,6.23,46.29,mothbeans
25,16,31,26.51,86.42,6.59,190.65,coconut
18,69,22,24.84,64.79,7.51,60.01,lentil
16,19,36,20.39,90.01,6.46,85.89,pomegranate
20,19,29,29.6,52.75,6.26,101.57,mango
17,66,22,24.95,73.58,7.04,43.81,lentil
32,67,23,30.29,64.22,6.61,84.77,blackgram
100,83,47,27.75,86.48,6.31,113.65,banana
89,24,56,25.9,55.16,6.22,64.29,watermelon
80,90,47,27.54,85.95,5.37,104.43,banana
71,26,49,26.85,52.49,6.75,53.0,watermelon
19,16,10,21.13,96.0,6.1,121.75,orange
68,41,17,22.38,68.78,6.08,66.48,maize
17,63,22,25.43,65.81,7.32,44.41,lentil
112,87,61,27.85,89.43,6.43,82.25,banana
21,68,22,21.65,22.0,6.07,96.16,kidneybeans
59,49,53,37.53,93.7,5.99,122.7,papaya
20,51,18,25.81,59.74,6.92,45.99,mungbean
27,17,31,26.06,93.38,5.2,143.7,coconut
134,42,18,24.05,80.18,6.47,99.07,cotton
19,19,35,20.53,82.54,6.88,106.8,pomegranate
48,53,52,35.33,93.42,6.71,147.77,papaya
82,39,21,22.97,65.44,6.62,78.99,maize
123,40,23,25.36,75.67,7.58,83.14,cotton
19,150,210,22.46,89.84,5.75,136.29,apple
24,134,198,23.6,82.78,4.7,67.28,grapes
94,24,25,24.53,63.09,6.4,146.69,coffee
107,34,30,26.04,61.5,7.35,175.37,coffee
93,23,39,25.75,53.69,5.84,70.42,watermelon
57,63,43,25.21,82.35,5.93,158.31,jute
43,76,18,31.06,65.76,6.13,85.96,blackgram
23,27,34,28.61,49.63,5.78,92.22,mango
125,50,22,24.96,79.38,7.76,88.57,cotton
68,41,36,23.69,82.7,6.75,213.46,rice
22,13,9,23.83,100.0,7.67,123.69,orange
24,150,174,23.72,78.44,6.19,75.78,grapes
38,83,16,30.69,61.12,7.62,72.51,blackgram
22,43,22,27.36,58.98,7.24,38.62,mungbean
82,22,57,20.91,48.67,6.48,50.64,watermelon
93,44,25,21.7,59.1,6.34,82.73,maize
17,67,19,26.47,64.07,6.93,41.22,lentil
19,68,20,20.57,23.04,5.98,102.3,kidneybeans
18,150,175,22.49,85.22,6.71,68.32,grapes
84,43,38,24.79,80.25,6.78,199.79,rice
20,17,8,23.64,97.89,6.42,106.03,orange
42,51,80,20.16,17.13,7.34,85.26,chickpea
27,120,210,22.1,83.11,6.1,75.56,grapes
104,23,51,30.27,96.44,6.43,20.06,muskmelon
24,150,198,21.66,84.82,6.23,116.64,apple
20,67,17,23.42,60.33,8.0,45.47,lentil
20,63,16,28.4,62.15,6.42,52.09,mothbeans
19,77,20,24.7,66.2,6.78,52.31,mothbeans
82,42,23,23.64,67.68,5.54,104.45,maize
40,63,86,18.51,17.01,6.84,81.25,chickpea
21,16,36,19.62,92.28,7.1,102.78,pomegranate
106,27,56,21.19,49.41,7.07,61.1,watermelon
19,18,10,19.81,86.14,7.59,111.11,orange
26,68,14,26.85,67.53,7.27,45.13,mothbeans
85,49,18,23.62,70.06,6.55,106.1,maize
24,62,13,24.14,52.09,5.61,136.49,pigeonpeas
19,16,41,21.33,87.97,6.86,124.7,pomegranate
17,65,22,29.73,50.25,5.12,145.82,pigeonpeas
26,127,183,24.96,82.22,6.52,64.24,grapes
18,63,17,24.93,59.4,6.19,51.92,mothbeans
18,57,24,19.45,21.97,5.52,93.1,kidneybeans
21,62,20,27.1,61.1,6.75,52.39,mothbeans
88,50,41,24.79,79.32,7.19,167.93,jute
18,150,210,23.12,90.68,5.42,105.93,apple
130,39,19,23.33,85.78,6.56,84.34,cotton
20,77,20,24.94,67.03,7.38,35.96,lentil
79,30,28,24.33,56.2,6.3,134.12,coffee
74,102,47,27.23,82.74,6.35,108.45,banana
21,126,210,21.69,80.53,5.92,66.24,grapes
21,46,18,29.67,61.54,6.65,48.84,mungbean
42,64,54,33.05,96.55,6.71,158.48,papaya
77,50,22,22.16,64.5,6.72,94.32,maize
101,29,24,28.44,57.1,6.84,146.13,coffee
73,24,35,26.64,44.35,7.09,62.81,watermelon
22,74,23,25.11,50.17,5.66,104.71,pigeonpeas
42,71,21,29.66,62.21,7.26,67.2,blackgram
21,48,25,28.56,51.44,7.08,48.22,mungbean
39,76,80,18.57,16.8,7.1,66.49,chickpea
16,70,17,25.97,46.95,5.6,140.39,pigeonpeas
87,49,37,25.0,79.83,6.42,232.26,rice
113,31,28,22.53,54.77,6.43,143.81,coffee
112,30,28,25.35,59.2,7.39,138.16,coffee
83,56,15,21.58,60.67,6.36,88.49,maize
20,15,11,22.72,99.89,6.09,135.1,orange
96,28,58,30.89,89.09,5.39,24.56,muskmelon
22,111,188,22.32,87.03,6.1,110.76,apple
51,51,52,36.44,88.77,6.23,141.91,papaya
37,77,19,29.91,72.46,6.94,80.41,blackgram
75,24,49,27.11,51.39,6.07,52.85,watermelon
40,52,83,16.85,17.2,6.39,85.21,chickpea
16,16,10,23.62,89.21,7.15,112.98,orange
19,17,43,17.63,91.11,6.37,127.26,pomegranate
38,49,54,33.42,98.1,7.03,150.21,papaya
19,131,210,20.94,92.0,6.23,103.62,apple
21,78,24,19.02,21.94,5.74,92.57,kidneybeans
17,69,20,19.41,22.11,6.96,115.52,kidneybeans
98,25,42,25.6,43.73,5.87,59.19,watermelon
64,51,35,25.07,79.36,7.62,178.6,jute
22,25,34,30.2,56.21,6.78,98.22,mango
20,21,38,21.16,86.43,6.47,85.01,pomegranate
35,75,18,28.79,62.7,7.06,72.71,blackgram
95,48,21,25.05,82.65,7.77,89.57,cotton
27,61,19,19.63,21.35,5.29,70.19,kidneybeans
25,14,34,26.68,100.0,5.51,175.51,coconut
69,51,38,23.02,84.37,6.63,242.97,rice
13,73,25,24.9,60.5,7.06,38.93,lentil
69,57,17,20.25,62.13,6.51,93.83,maize
30,74,92,18.7,16.1,7.69,88.26,chickpea
116,26,39,28.08,93.76,6.17,29.86,muskmelon
21,14,9,21.13,95.12,6.79,108.87,orange
18,20,33,21.71,96.6,6.44,115.13,pomegranate
42,68,80,19.04,15.01,6.15,82.63,chickpea
20,79,23,24.29,67.24,6.82,48.91,lentil
76,44,22,22.05,62.91,6.25,97.54,maize
25,60,17,19.95,21.88,5.29,101.16,kidneybeans
24,15,27,26.59,100.0,5.98,169.22,coconut
110,22,47,28.63,90.21,6.32,24.8,muskmelon
91,25,53,26.41,51.07,6.39,50.37,watermelon
17,59,18,24.58,62.71,8.12,47.15,mothbeans
84,42,18,23.46,62.42,5.59,100.06,maize
78,49,20,21.73,59.84,6.22,86.49,maize
22,71,21,27.07,60.42,7.31,55.47,mothbeans
44,55,80,17.76,17.35,7.29,66.05,chickpea
44,59,19,29.47,66.4,5.9,77.48,blackgram
83,41,42,25.38,72.31,7.66,205.68,jute
49,56,39,36.6,88.68,6.31,125.37,papaya
13,57,25,19.34,19.38,6.26,105.17,kidneybeans
79,24,36,32.12,93.22,6.17,21.67,muskmelon
20,17,8,23.52,100.0,7.72,124.33,orange
40,60,19,29.46,62.28,7.34,71.97,blackgram
24,58,16,22.62,64.6,7.39,49.26,lentil
83,41,21,24.53,65.79,6.11,89.22,maize
22,73,24,27.28,57.61,7.62,55.81,mothbeans
22,18,37,20.86,92.75,6.27,101.07,pomegranate
21,64,16,25.51,63.46,7.01,42.06,mothbeans
95,27,57,24.24,44.9,6.5,74.13,watermelon
72,28,42,26.85,54.85,7.34,59.87,watermelon
23,52,20,27.51,53.74,6.32,49.83,mungbean
73,55,39,22.41,80.27,6.67,234.87,rice
105,25,62,30.4,85.95,5.77,26.7,muskmelon
19,77,19,26.71,46.91,4.91,129.62,pigeonpeas
91,47,36,21.86,85.2,6.78,239.67,rice
125,34,24,24.53,59.74,6.53,191.8,coffee
18,59,25,26.71,55.3,7.58,51.69,mothbeans
42,70,95,16.85,16.94,7.96,92.14,chickpea
95,87,43,26.82,85.23,6.1,120.72,banana
17,66,16,25.29,60.92,6.77,48.09,mothbeans
34,71,76,20.56,15.23,7.42,69.17,chickpea
21,60,19,22.76,62.87,7.72,46.57,lentil
83,23,50,25.57,48.17,7.33,57.74,watermelon
21,29,28,29.52,54.08,5.09,109.27,mango
75,54,42,26.27,83.86,7.18,208.27,jute
40,60,50,32.87,87.48,6.91,169.2,papaya
18,66,20,26.41,66.69,7.15,46.28,lentil
46,74,55,36.73,88.27,7.15,169.83,papaya
80,26,42,26.36,45.37,5.97,41.68,watermelon
36,79,67,19.73,16.97,6.62,73.5,chickpea
23,43,18,25.04,54.37,6.41,41.22,mungbean
67,30,54,33.28,85.78,5.58,25.02,muskmelon
20,60,19,19.79,22.12,5.98,118.62,kidneybeans
18,54,21,28.31,56.39,6.05,41.44,mungbean
52,58,44,33.7,94.55,6.43,152.65,papaya
26,68,22,26.91,47.91,5.53,152.14,pigeonpeas
24,71,17,24.85,59.86,6.07,48.65,mothbeans
102,29,31,26.11,62.25,6.39,154.73,coffee
18,43,22,27.39,58.39,7.98,50.03,mungbean
92,32,36,25.28,52.55,6.32,63.18,watermelon
24,120,210,25.39,79.13,5.12,74.19,grapes
38,57,66,17.81,16.26,7.52,84.34,chickpea
62,26,50,27.27,52.15,6.41,56.14,watermelon
21,26,26,34.27,46.79,6.11,97.28,mango
18,17,8,22.13,94.05,7.18,98.07,orange
18,16,11,22.7,98.24,7.19,115.23,orange
65,36,35,22.37,80.56,7.39,254.86,rice
78,48,37,23.62,79.76,5.77,190.5,rice
22,130,210,22.37,80.68,5.95,82.35,grapes
85,50,17,23.9,62.08,5.47,83.09,maize
21,73,19,26.2,57.31,6.11,52.38,mothbeans
19,70,21,23.23,72.39,6.69,41.17,lentil
119,43,23,24.29,83.03,7.68,93.44,cotton
76,45,44,23.33,73.27,6.66,209.41,rice
22,120,189,21.4,87.35,6.05,120.77,apple
15,18,9,21.47,88.48,6.45,110.47,orange
22,114,210,22.97,88.87,6.43,65.62,grapes
17,64,17,24.2,45.71,5.31,160.51,pigeonpeas
20,18,30,27.33,95.48,5.53,169.53,coconut
117,29,26,21.31,61.58,7.1,161.99,coffee
17,18,11,21.33,85.28,5.9,101.88,orange
16,18,10,21.39,93.81,6.03,129.31,orange
21,75,18,18.05,22.81,5.99,111.05,kidneybeans
89,39,16,24.91,76.67,6.63,77.92,cotton
82,24,50,27.73,50.93,5.95,65.71,watermelon
95,84,51,27.98,77.03,6.34,93.58,banana
96,71,51,26.33,75.43,5.29,85.3,banana
104,26,47,29.04,80.08,6.74,25.48,muskmelon
22,19,11,22.4,95.52,8.22,106.02,orange
24,111,189,21.9,79.54,5.97,61.47,grapes
21,42,20,26.96,56.6,6.0,45.93,mungbean
17,71,16,19.87,21.43,4.75,109.9,kidneybeans
26,130,195,19.07,80.39,5.35,71.86,grapes
72,38,36,23.34,81.12,6.27,220.7,rice
96,58,39,22.47,89.19,5.83,200.84,rice
45,61,52,33.66,100.0,6.62,140.14,papaya
26,59,21,25.89,58.28,6.46,53.37,mothbeans
40,70,20,31.53,62.33,6.54,64.64,blackgram
72,51,43,23.38,75.05,5.22,226.47,rice
21,45,26,26.63,61.07,6.49,58.29,mungbean
22,65,20,20.13,22.28,6.05,111.99,kidneybeans
39,66,22,26.6,69.53,7.57,80.52,blackgram
21,51,16,27.01,55.91,7.88,53.04,mungbean
81,50,43,20.99,80.43,6.16,207.75,rice
18,73,15,23.3,69.79,7.12,21.77,lentil
101,87,39,29.08,78.32,6.26,112.82,banana
21,69,17,17.38,22.2,5.85,120.24,kidneybeans
75,57,43,22.04,77.01,6.42,192.15,rice
58,72,49,34.68,90.31,7.63,108.23,papaya
68,37,20,23.23,70.9,6.56,90.76,maize
23,74,26,19.55,21.4,6.05,115.32,kidneybeans
108,89,51,26.64,87.35,5.77,109.93,banana
41,68,83,17.25,16.91,6.37,81.3,chickpea
40,63,70,17.62,15.87,7.49,68.96,chickpea
20,21,31,27.84,50.44,5.23,85.31,mango
97,28,51,28.0,86.18,6.71,24.75,muskmelon
94,27,52,26.17,52.69,6.87,56.74,watermelon
39,72,18,29.69,65.64,7.24,74.15,blackgram
112,76,50,24.92,79.02,5.7,99.92,banana
81,52,44,24.84,78.71,6.7,182.63,jute
75,25,33,24.62,57.53,7.44,143.26,coffee
23,20,32,25.53,84.64,6.22,156.75,coconut
110,54,20,20.99,73.71,6.34,88.97,cotton
22,64,21,26.73,52.49,6.81,43.4,mothbeans
41,77,57,19.72,17.38,7.93,68.29,chickpea
19,50,19,27.72,64.58,6.49,48.53,mungbean
57,63,50,32.72,87.37,5.91,140.35,papaya
23,90,19,27.12,56.45,6.53,59.27,mothbeans
114,48,20,24.72,73.6,7.24,89.86,cotton
22,65,17,26.84,61.51,7.12,59.23,mungbean
95,29,47,28.71,95.63,6.91,28.07,muskmelon
105,67,34,27.61,82.07,6.23,98.39,banana
19,122,173,20.04,93.69,6.0,132.7,apple
81,43,37,20.96,77.63,6.22,246.7,rice
112,22,44,27.67,90.62,6.82,28.58,muskmelon
77,47,43,20.61,82.81,6.2,274.89,rice
22,43,26,29.49,64.7,7.34,58.67,mungbean
74,25,51,25.21,57.07,6.62,54.59,watermelon
92,42,20,22.88,74.94,6.94,103.33,cotton
41,63,77,17.74,16.25,7.58,82.29,chickpea
107,22,52,24.5,49.07,7.44,51.92,watermelon
23,68,19,20.01,23.9,5.95,83.44,kidneybeans
86,23,44,25.62,52.2,6.6,51.49,watermelon
20,21,25,29.78,95.51,6.16,203.03,coconut
18,72,17,23.65,64.92,6.03,39.59,lentil
27,136,210,24.06,88.87,6.35,58.85,grapes
21,16,9,22.24,86.32,7.6,108.49,orange
94,56,21,23.78,64.05,6.4,82.53,maize
78,49,41,22.49,73.36,6.57,271.64,rice
60,48,19,21.86,63.89,6.41,105.8,maize
43,74,77,17.0,16.11,6.34,82.27,chickpea
79,57,36,21.87,83.0,6.83,225.31,rice
19,66,20,29.53,56.95,7.32,57.39,mothbeans
90,41,40,26.58,83.1,7.13,227.47,rice
93,29,46,28.0,52.22,6.4,53.28,watermelon
20,16,27,24.47,94.35,6.29,146.01,coconut
58,36,22,22.08,64.96,5.63,94.74,maize
82,57,20,20.68,63.58,6.28,79.44,maize
17,59,15,22.2,65.44,7.44,42.91,lentil
32,72,23,29.85,66.58,6.83,62.9,blackgram
76,59,20,22.55,63.11,6.34,95.07,maize
79,50,40,21.94,86.43,6.78,220.69,rice
82,53,41,27.19,85.22,6.44,172.06,jute
20,16,31,26.16,96.89,6.12,220.63,coconut
21,81,19,26.23,63.39,6.6,54.33,mothbeans
21,16,31,28.67,100.0,6.85,140.88,coconut
18,19,38,20.72,90.88,6.34,94.64,pomegranate
79,48,24,18.76,58.56,5.7,90.86,maize
33,66,72,18.12,16.6,8.16,84.86,chickpea
79,27,36,27.24,44.38,5.76,51.61,watermelon
23,72,21,27.9,47.88,5.99,136.93,pigeonpeas
70,31,49,23.81,47.74,5.64,59.31,watermelon
16,56,19,24.59,58.6,7.29,50.21,lentil
83,28,47,31.77,82.42,6.41,22.9,muskmelon
78,53,43,24.73,79.44,6.18,212.06,rice
92,25,32,22.82,60.81,7.06,150.41,coffee
13,72,22,24.52,67.28,6.67,35.73,lentil
30,67,16,32.91,65.69,6.59,64.13,blackgram
99,30,50,29.7,85.95,5.79,23.17,muskmelon
76,41,16,22.91,62.65,5.78,93.9,maize
19,67,23,26.81,45.44,5.57,153.62,pigeonpeas
89,57,35,21.77,88.57,6.3,262.9,rice
21,68,20,26.95,52.98,6.28,49.1,mothbeans
106,20,47,31.5,84.35,6.11,25.04,muskmelon
77,23,45,29.25,83.41,7.37,25.13,muskmelon
29,124,188,22.49,82.47,5.84,68.88,grapes
21,15,46,20.67,85.12,6.5,105.37,pomegranate
90,20,58,26.25,49.87,5.96,60.04,watermelon
72,39,43,25.52,74.49,6.57,171.13,jute
119,49,22,24.08,92.44,6.38,74.18,cotton
99,42,21,23.92,83.95,7.43,77.58,cotton
45,58,22,31.61,66.23,7.74,71.58,blackgram
21,17,35,19.3,88.76,6.01,110.66,pomegranate
21,68,22,18.7,22.23,6.29,83.14,kidneybeans
40,67,91,17.81,16.29,7.0,92.22,chickpea
51,56,48,30.61,89.87,7.18,146.0,papaya
41,75,75,17.33,15.78,6.68,62.45,chickpea
84,23,50,25.8,49.54,6.29,46.39,watermelon
86,23,49,30.15,96.8,5.79,23.21,muskmelon
67,45,23,20.47,55.87,5.36,95.33,maize
106,31,27,23.41,62.77,5.91,189.05,coffee
20,53,18,27.02,65.89,7.38,45.94,mungbean
34,73,73,17.38,17.32,7.01,88.57,chickpea
55,58,57,36.45,97.45,6.95,186.07,papaya
99,27,36,25.88,56.64,6.44,177.43,coffee
92,46,32,22.98,77.56,6.22,222.8,rice
105,21,47,28.82,95.78,6.67,21.45,muskmelon
74,50,46,21.99,78.78,5.3,220.61,rice
87,48,41,27.93,79.14,6.88,177.11,jute
114,49,20,25.61,75.59,6.27,82.92,cotton
24,77,21,30.19,47.45,7.21,145.9,pigeonpeas
33,80,21,29.25,61.36,6.81,60.0,blackgram
113,25,56,27.83,80.17,6.15,22.58,muskmelon
18,15,30,29.19,92.87,6.1,175.58,coconut
83,42,44,24.3,72.4,5.73,228.45,rice
19,18,10,23.73,89.11,7.11,108.69,orange
17,24,27,29.95,53.09,6.49,87.01,mango
21,27,28,27.4,50.4,5.36,88.41,mango
99,20,44,26.78,89.29,6.61,23.49,muskmelon
82,40,46,24.72,80.76,6.59,159.93,rice
23,132,171,23.39,94.63,5.21,111.8,apple
27,34,19,27.99,57.19,7.4,52.68,mungbean
48,79,43,32.92,94.87,7.1,153.48,papaya
118,90,58,29.25,83.23,5.78,91.93,banana
48,56,16,28.51,66.12,7.45,73.67,blackgram
97,27,50,31.55,81.49,5.62,27.31,muskmelon
23,97,187,21.77,100.0,5.35,124.26,apple
23,21,35,27.59,100.0,6.15,165.34,coconut
51,60,52,35.02,88.14,6.8,149.11,papaya
17,88,18,28.59,50.8,5.34,158.88,pigeonpeas
87,44,44,26.31,77.53,6.32,175.95,jute
22,119,209,23.04,98.38,6.1,101.68,apple
22,84,210,22.24,93.9,6.41,121.42,apple
67,42,21,22.08,66.11,6.21,98.17,maize
26,46,21,25.68,58.3,6.53,56.47,mungbean
20,126,186,21.37,85.02,5.78,110.04,apple
15,64,19,26.55,67.09,6.4,41.98,lentil
23,143,210,22.96,93.22,6.11,58.99,grapes
89,45,37,21.52,78.78,6.62,219.89,rice
83,24,49,24.43,44.44,6.77,61.36,watermelon
22,78,17,23.88,65.47,7.74,48.42,lentil
24,127,187,21.94,88.71,5.71,116.34,apple
20,106,203,22.43,74.6,6.25,53.27,grapes
41,61,69,16.98,16.35,6.62,81.56,chickpea
68,48,19,21.56,66.38,6.47,98.6,maize
116,90,48,29.22,83.59,5.87,102.91,banana
23,62,19,17.77,21.1,5.7,116.72,kidneybeans
21,15,9,19.75,90.27,6.73,92.51,orange
19,24,37,28.54,51.28,5.92,98.8,mango
96,29,34,25.44,62.06,6.0,149.79,coffee
47,56,51,36.53,93.66,5.83,155.58,papaya
22,115,210,23.85,86.4,6.15,60.18,grapes
19,114,210,22.41,76.19,6.73,73.87,grapes
19,16,33,27.57,89.01,6.25,156.29,coconut
98,43,20,23.2,81.69,6.59,71.22,cotton
86,52,44,22.52,79.73,6.84,219.83,rice
22,65,21,28.35,47.67,6.62,154.3,pigeonpeas
40,50,21,28.37,62.41,7.46,72.14,blackgram
46,77,65,18.33,18.04,6.33,79.92,chickpea
22,70,17,24.05,54.83,6.3,46.2,lentil
21,62,19,18.91,21.78,6.54,89.07,kidneybeans
23,116,208,22.27,92.77,5.58,131.41,apple
21,18,46,19.94,95.81,7.35,104.65,pomegranate
25,20,43,21.31,90.88,5.89,85.46,pomegranate
93,49,40,23.6,84.59,6.37,161.29,jute
117,27,50,30.38,83.82,5.54,26.31,muskmelon
25,69,16,24.01,48.73,5.53,133.54,pigeonpeas
89,51,41,24.94,77.69,5.56,145.33,jute
90,44,40,25.6,78.33,6.65,162.74,jute
18,26,29,34.42,50.7,5.05,99.77,mango
18,16,44,22.89,96.43,6.19,110.39,pomegranate
22,71,18,27.83,53.15,6.46,56.45,mothbeans
35,84,20,33.81,70.43,6.11,64.41,blackgram
85,38,44,23.63,76.54,6.16,232.12,rice
22,61,24,21.91,61.83,5.68,48.0,lentil
39,61,22,30.31,59.45,6.91,69.3,blackgram
22,76,18,25.53,59.6,6.76,38.69,mothbeans
18,148,198,24.09,85.4,5.63,62.32,grapes
87,28,52,24.94,49.48,7.53,56.66,watermelon
18,44,21,26.94,59.0,7.14,45.99,mungbean
127,52,18,23.01,76.73,7.0,78.33,cotton
58,46,58,32.2,91.14,6.38,128.94,papaya
80,24,40,25.93,51.97,6.93,55.71,watermelon
23,28,34,33.9,47.68,6.5,78.29,mango
96,81,45,28.05,79.69,6.28,102.7,banana
24,60,18,19.76,23.09,5.09,83.98,kidneybeans
19,33,19,28.94,60.55,7.05,55.61,mungbean
111,22,49,28.58,92.26,6.5,23.36,muskmelon
22,17,27,26.53,98.3,6.17,170.17,coconut
24,71,21,21.21,22.64,6.26,116.58,kidneybeans
16,18,50,21.04,88.57,5.8,122.03,pomegranate
37,67,23,31.45,68.1,8.18,64.09,blackgram
41,80,18,30.0,59.91,8.02,69.3,blackgram
74,26,57,24.95,49.2,5.82,52.44,watermelon
106,69,53,28.47,77.59,5.53,99.03,banana
21,16,42,20.09,90.35,7.38,103.48,pomegranate
94,35,24,25.54,57.17,6.03,142.47,coffee
42,65,41,30.07,94.9,6.79,153.23,papaya
70,38,52,23.61,74.86,6.84,140.6,jute
19,16,31,27.28,82.83,5.8,175.6,coconut
18,15,11,22.02,83.45,6.0,95.27,orange
21,15,30,23.83,92.63,5.78,152.44,coconut
85,28,44,26.9,49.66,6.01,57.54,watermelon
22,147,164,21.01,92.3,6.2,134.61,apple
54,49,44,35.09,86.6,6.2,160.78,papaya
91,25,46,28.96,84.39,5.83,28.67,muskmelon
84,27,46,28.38,99.98,7.03,26.72,muskmelon
114,47,19,24.63,85.93,7.82,72.68,cotton
27,136,210,23.18,79.51,6.0,66.28,grapes
95,51,39,26.11,81.24,6.72,202.22,jute
71,51,38,23.77,83.61,6.22,168.09,jute
23,112,171,23.19,76.44,5.25,75.34,grapes
18,75,20,22.92,65.53,7.72,41.41,lentil
100,47,39,21.96,76.92,5.76,201.0,rice
23,25,26,31.14,47.25,6.39,95.01,mango
17,53,18,25.65,67.34,6.91,40.51,lentil
22,144,210,20.51,93.22,5.73,113.64,apple
21,53,20,29.33,58.24,5.9,49.55,mungbean
17,16,35,28.14,94.5,6.02,157.61,coconut
73,47,41,24.13,80.06,6.67,217.82,rice
82,55,24,22.41,66.26,5.72,94.0,maize
17,27,30,29.41,51.07,5.87,94.17,mango
18,19,48,19.17,97.62,5.8,93.21,pomegranate
114,40,19,22.99,67.71,6.34,95.38,cotton
19,63,23,23.5,65.52,6.63,55.12,lentil
115,23,48,26.23,86.15,6.77,25.96,muskmelon
16,15,9,23.73,93.25,6.86,99.54,orange
27,145,201,23.29,78.29,5.3,60.53,grapes
17,66,24,26.7,62.55,6.99,52.83,mothbeans
98,27,30,24.13,66.47,6.67,150.91,coffee
26,55,22,18.78,22.14,5.59,92.93,kidneybeans
23,77,21,19.79,22.53,4.4,108.81,kidneybeans
84,100,49,26.87,78.36,5.77,124.46,banana
82,29,53,27.63,51.86,7.75,51.12,watermelon
16,60,18,24.69,63.74,6.54,46.28,lentil
23,70,17,24.59,63.17,6.13,49.87,lentil
113,32,32,25.62,58.97,7.02,167.01,coffee
22,73,20,25.91,47.25,5.81,149.38,pigeonpeas
63,57,53,33.12,90.46,5.89,144.99,papaya
44,49,48,34.12,83.3,5.96,148.17,papaya
19,18,10,22.14,93.17,7.42,109.45,orange
22,48,13,28.3,62.31,7.15,47.41,mungbean
72,44,18,20.84,72.76,6.45,105.11,maize
108,26,50,28.39,94.49,7.1,28.25,muskmelon
15,24,31,25.61,47.07,6.31,106.43,mango
81,50,40,23.0,78.45,6.56,222.37,rice
40,62,18,30.77,69.2,6.91,76.56,blackgram
95,63,38,20.33,80.47,6.25,219.87,rice
76,39,18,20.86,73.44,7.21,90.31,maize
25,144,173,24.35,81.56,5.53,81.23,grapes
15,74,20,25.85,64.18,6.82,46.94,lentil
74,45,45,23.36,76.41,7.02,165.78,jute
126,44,17,24.3,85.25,7.1,46.93,cotton
94,30,30,23.17,54.56,6.45,175.6,coffee
82,82,50,28.03,77.36,5.47,99.8,banana
20,29,32,31.85,48.79,6.36,140.89,mango
73,25,50,25.69,47.47,6.72,52.91,watermelon
22,19,9,21.26,91.33,7.81,132.36,orange
90,24,62,27.95,53.93,6.85,52.21,watermelon
23,73,21,26.88,55.88,5.77,52.04,mothbeans
22,80,20,28.63,51.11,5.69,160.7,pigeonpeas
116,38,20,23.37,78.84,7.1,92.22,cotton
115,51,22,24.86,79.92,6.25,79.26,cotton
29,134,182,20.67,100.0,6.3,134.42,apple
24,64,18,20.95,20.55,5.59,103.55,kidneybeans
121,51,22,23.95,71.86,6.77,79.81,cotton
21,18,37,31.98,52.09,5.73,73.85,mango
86,46,40,22.77,83.66,7.12,227.45,rice
18,142,210,19.85,97.64,4.7,109.48,apple
24,123,178,22.99,79.83,6.74,67.28,grapes
25,135,201,22.13,92.38,4.66,112.44,apple
37,56,24,34.48,66.74,6.35,63.51,blackgram
20,17,40,22.39,86.81,6.33,93.88,pomegranate
47,56,50,32.92,84.27,6.75,163.57,papaya
84,48,17,21.58,65.4,6.61,93.39,maize
22,17,34,27.53,100.0,5.76,196.72,coconut
25,20,30,33.71,47.64,5.7,98.78,mango
26,114,191,20.77,86.29,6.43,115.37,apple
26,129,164,20.68,73.5,6.3,60.33,grapes
20,17,9,22.58,82.9,7.98,120.47,orange
20,21,47,19.1,87.1,6.62,107.09,pomegranate
21,66,25,30.21,48.13,5.83,143.28,pigeonpeas
20,15,32,23.51,86.53,6.33,102.84,pomegranate
91,79,53,26.81,71.05,5.64,85.86,banana
91,83,42,27.87,75.5,6.44,100.74,banana
21,71,21,25.96,59.9,6.36,46.35,mothbeans
40,78,24,32.66,68.06,6.39,74.09,blackgram
26,51,20,27.91,62.01,6.84,49.09,mungbean
40,66,66,18.54,14.54,7.68,65.68,chickpea
38,79,21,32.47,66.03,7.15,62.13,blackgram
90,32,27,25.41,54.01,8.21,167.55,coffee
120,45,24,22.97,78.45,6.22,86.98,cotton
22,26,25,29.81,49.36,5.55,94.82,mango
44,62,42,36.66,92.28,6.26,159.0,papaya
21,13,11,21.87,90.18,6.94,88.75,orange
97,45,19,24.83,80.44,6.34,94.12,cotton
18,16,33,21.82,93.67,6.94,102.38,pomegranate
22,143,210,21.91,76.25,6.01,74.71,grapes
104,96,47,25.96,79.75,6.17,103.06,banana
69,53,22,22.58,68.8,6.62,103.44,maize
29,16,25,24.71,100.0,5.86,178.34,coconut
22,65,22,28.26,59.14,6.66,47.85,mothbeans
19,24,27,30.39,49.69,6.03,80.89,mango
22,28,25,29.85,47.29,6.62,105.33,mango
18,119,210,22.36,96.36,5.75,102.24,apple
91,27,49,27.74,93.87,7.0,24.94,muskmelon
18,75,19,26.6,64.39,6.77,45.06,lentil
18,18,38,20.43,82.79,6.44,105.65,pomegranate
120,72,47,25.33,74.1,6.32,102.52,banana
22,125,181,22.57,75.3,5.62,99.11,apple
19,18,10,21.62,100.0,6.47,124.26,orange
43,65,47,33.14,91.53,6.63,159.57,papaya
22,66,19,25.23,59.83,6.78,43.48,lentil
129,44,19,25.03,74.58,7.15,83.58,cotton
82,32,31,25.57,61.48,7.03,130.08,coffee
21,13,27,29.79,98.93,5.93,214.25,coconut
13,74,15,24.61,64.19,6.97,40.97,lentil
24,148,199,20.9,87.27,5.58,118.55,apple
100,26,48,28.02,93.04,6.76,23.96,muskmelon
37,71,20,24.83,63.11,7.71,55.87,blackgram
44,61,23,29.28,60.93,6.86,47.96,blackgram
23,71,18,24.57,45.95,6.06,162.42,pigeonpeas
38,73,74,18.25,16.69,7.69,84.56,chickpea
76,56,41,23.36,89.7,6.21,199.59,rice
119,47,17,22.7,85.1,7.86,74.04,cotton
18,61,21,28.97,52.65,6.16,155.17,pigeonpeas
19,52,24,20.99,23.02,6.14,112.27,kidneybeans
67,48,21,20.95,64.1,6.59,102.05,maize
90,85,49,26.6,80.23,6.03,107.06,banana
99,49,36,25.69,91.64,7.03,116.47,jute
19,15,11,22.87,84.86,6.83,134.5,orange
58,61,60,34.19,95.82,6.93,135.44,papaya
22,15,27,23.55,86.17,6.84,161.21,coconut
22,58,18,26.85,59.75,7.38,53.64,mothbeans
97,40,42,21.56,84.34,6.33,175.57,rice
24,149,186,22.41,76.72,5.75,65.86,grapes
19,69,18,27.52,70.09,6.5,44.49,lentil
35,64,51,35.15,83.05,6.53,126.01,papaya
44,52,64,18.23,16.27,8.07,76.97,chickpea
36,61,72,20.16,17.06,7.44,62.95,chickpea
20,147,210,21.07,89.47,5.79,135.51,apple
66,28,40,24.75,49.99,6.73,53.28,watermelon
97,42,39,24.07,84.14,6.21,221.39,rice
48,49,50,34.52,88.54,6.83,152.25,papaya
22,40,12,26.25,58.3,6.57,56.75,mungbean
70,56,40,22.48,82.87,6.78,165.57,jute
55,46,39,35.87,98.21,6.02,146.75,papaya
19,21,36,21.94,89.68,6.23,116.19,pomegranate
26,130,210,22.11,88.51,6.03,124.27,apple
82,49,37,27.39,84.95,6.36,159.83,jute
31,58,22,34.02,67.83,7.05,66.37,blackgram
84,64,19,20.95,65.64,6.52,89.0,maize
23,18,41,22.13,95.9,6.8,126.4,pomegranate
21,58,20,28.71,44.25,5.7,168.45,pigeonpeas
122,31,62,27.36,93.07,6.95,27.28,muskmelon
24,45,17,28.55,58.82,6.81,46.32,mungbean
43,55,18,28.49,65.08,8.02,86.99,blackgram
69,41,45,25.37,83.33,6.83,181.88,jute
25,18,27,26.14,91.89,5.98,170.72,coconut
45,86,18,28.16,61.58,8.01,78.76,blackgram
122,42,23,24.02,75.58,6.65,98.51,cotton
67,25,49,26.9,50.06,6.8,46.78,watermelon
21,70,21,27.23,46.86,5.65,135.28,pigeonpeas
103,87,52,25.72,81.18,5.77,90.66,banana
24,129,210,22.9,85.13,5.46,136.35,apple
26,150,184,21.38,84.95,6.23,111.55,apple
19,69,19,25.89,62.66,6.75,37.51,lentil
46,52,50,31.69,80.7,6.52,170.21,papaya
21,48,20,27.91,62.21,6.6,42.54,mungbean
88,48,18,20.57,65.32,6.49,109.68,maize
23,62,21,24.94,46.14,5.49,166.17,pigeonpeas
85,33,31,27.26,58.85,6.79,186.94,coffee
15,16,11,21.0,100.0,6.52,116.64,orange
23,16,35,18.78,86.51,5.66,99.93,pomegranate
19,52,23,29.18,56.54,7.68,55.08,mungbean
105,31,37,26.14,63.55,6.35,127.65,coffee
74,51,37,22.43,88.7,5.87,159.85,rice
16,74,20,24.88,57.83,6.08,49.66,lentil
18,15,32,27.16,90.96,5.53,173.11,coconut
92,25,31,24.17,57.75,6.67,149.57,coffee
45,62,21,28.81,57.8,7.17,66.04,blackgram
23,70,20,26.62,44.51,5.36,144.92,pigeonpeas
20,127,210,24.45,73.93,6.65,81.34,grapes
96,24,44,23.37,49.48,5.84,46.09,watermelon
16,18,9,20.85,85.68,7.56,84.06,orange
82,52,39,23.63,78.74,6.21,214.69,rice
20,66,19,23.16,22.73,5.49,110.87,kidneybeans
36,57,84,18.59,17.24,7.86,80.84,chickpea
101,30,34,24.15,58.67,6.89,155.51,coffee
113,74,51,27.72,78.08,6.4,106.88,banana
20,21,35,33.1,49.91,5.23,88.32,mango
81,24,61,29.23,86.95,5.59,29.14,muskmelon
19,16,9,20.48,92.33,7.17,91.15,orange
78,53,36,22.91,80.32,6.52,162.5,jute
104,37,39,23.3,77.4,6.85,131.51,jute
92,28,55,30.34,91.16,7.04,28.82,muskmelon
18,36,17,26.64,54.19,6.49,36.4,mungbean
116,48,20,24.78,80.9,6.71,60.55,cotton
24,135,150,22.04,95.43,5.84,112.5,apple
116,29,35,26.73,61.66,6.15,158.32,coffee
20,51,18,27.24,59.12,7.61,37.11,mungbean
20,56,22,23.41,59.53,7.78,45.63,lentil
101,28,58,28.29,92.29,6.52,21.53,muskmelon
76,49,20,23.5,62.61,6.48,83.73,maize
16,71,22,23.89,64.21,7.11,34.8,lentil
22,19,25,27.09,88.75,5.76,162.69,coconut
38,68,84,17.67,16.58,7.35,61.56,chickpea
19,66,18,21.8,22.99,6.0,112.83,kidneybeans
94,25,30,27.6,55.03,6.73,133.12,coffee
106,72,46,30.5,78.78,5.64,119.52,banana
23,54,24,28.27,57.86,7.15,45.41,mothbeans
76,24,56,26.34,49.7,5.75,47.46,watermelon
98,86,52,27.94,82.69,5.53,117.48,banana
40,64,19,31.79,69.78,6.72,64.38,blackgram
110,30,31,25.54,60.14,7.13,142.1,coffee
19,69,22,29.01,46.08,6.23,135.89,pigeonpeas
59,55,42,24.8,78.88,6.19,215.7,jute
36,71,21,30.7,66.56,7.27,84.18,blackgram
24,127,210,23.97,88.45,5.68,72.68,grapes
22,136,210,22.93,84.61,6.02,71.05,grapes
44,52,52,32.89,83.43,7.41,161.01,papaya
18,23,29,28.71,49.85,5.72,86.03,mango
20,78,20,29.32,58.89,7.26,54.31,mothbeans
79,58,41,24.36,79.54,5.79,198.94,rice
23,61,23,22.65,21.84,4.7,98.09,kidneybeans
20,92,198,24.55,89.83,5.58,84.72,grapes
77,22,53,25.03,49.19,6.96,51.41,watermelon
22,18,9,19.37,88.86,8.16,98.6,orange
100,45,19,21.93,80.72,6.85,91.35,cotton
20,73,16,19.38,22.9,5.42,84.73,kidneybeans
24,71,15,25.01,52.32,5.99,136.28,pigeonpeas
23,67,20,28.76,50.49,5.72,137.94,pigeonpeas
31,58,54,17.75,16.81,7.05,90.36,chickpea
21,18,40,20.51,85.17,6.77,92.82,pomegranate
17,120,180,23.11,81.0,5.93,68.53,grapes
20,18,29,28.39,96.18,6.65,196.9,coconut
96,73,52,28.99,84.99,5.94,116.03,banana
21,15,48,19.33,98.72,5.88,107.99,pomegranate
78,58,35,23.81,83.57,5.96,229.79,rice
131,76,59,27.04,85.09,5.67,112.88,banana
84,80,42,24.01,74.79,6.72,101.59,banana
105,94,37,29.23,79.33,5.1,67.18,banana
140,47,20,20.46,72.27,6.68,69.43,cotton
86,30,46,28.0,47.8,7.08,63.14,watermelon
18,40,18,27.25,63.37,7.22,51.01,mungbean
21,30,30,32.03,45.67,5.91,94.32,mango
16,16,47,18.65,93.03,6.67,133.52,pomegranate
97,30,49,28.72,83.37,5.65,24.5,muskmelon
18,19,10,22.58,85.4,6.9,124.48,orange
68,47,16,20.8,64.87,6.96,127.03,maize
109,90,56,26.01,85.66,5.76,113.23,banana
71,41,41,22.86,87.63,6.45,209.06,jute
109,36,28,24.77,57.25,6.6,120.29,coffee
44,66,17,30.82,65.85,6.97,69.69,blackgram
22,76,18,25.98,58.63,7.03,45.06,mothbeans
107,27,56,28.54,90.95,6.8,23.85,muskmelon
44,69,17,27.45,69.38,7.78,72.71,blackgram
23,150,197,22.52,78.71,5.13,72.32,grapes
26,146,210,20.7,77.54,6.4,47.73,grapes
150,63,16,20.84,79.96,7.18,79.27,cotton
25,139,193,22.86,85.75,5.45,71.72,grapes
21,50,15,27.21,46.97,5.29,151.18,pigeonpeas
19,15,9,20.77,84.75,7.61,105.25,orange
18,49,19,26.49,55.73,6.92,52.37,mothbeans
20,26,29,31.26,48.07,7.03,78.93,mango
94,47,39,23.13,82.7,6.59,170.07,jute
21,30,26,28.56,53.77,5.93,92.42,mango
18,70,20,25.33,62.3,6.52,54.01,lentil
22,83,18,27.33,55.22,6.5,49.7,mothbeans
17,50,21,31.21,63.05,6.67,52.71,mungbean
45,61,48,32.15,95.48,6.75,141.03,papaya
17,16,9,22.69,89.73,6.65,99.99,orange
110,81,46,25.97,84.02,5.98,91.82,banana
22,15,26,26.05,100.0,6.3,154.63,coconut
21,29,31,32.03,49.05,5.85,87.79,mango
37,72,20,30.3,66.39,6.44,62.49,blackgram
80,45,18,22.41,62.46,6.42,98.11,maize
112,26,52,28.8,85.75,6.0,30.19,muskmelon
37,66,20,35.39,60.8,7.23,75.18,blackgram
68,48,44,24.48,73.73,6.14,186.38,jute
103,94,53,22.79,83.08,5.73,110.71,banana
19,17,8,21.2,87.17,7.13,111.23,orange
22,72,20,25.27,68.01,6.67,47.5,lentil
74,44,18,21.57,69.48,7.23,91.17,maize
22,45,22,29.46,58.71,7.08,54.8,mungbean
110,47,23,23.66,79.89,6.33,97.89,cotton
113,40,20,25.53,84.48,7.78,96.59,cotton
110,33,34,24.59,56.52,7.75,154.87,coffee
18,49,20,30.35,60.02,6.48,46.58,mungbean
22,71,22,20.1,23.86,5.84,112.86,kidneybeans
44,83,94,16.24,17.74,8.13,75.61,chickpea
22,50,24,25.13,58.35,7.37,56.9,mungbean
19,17,48,17.43,84.83,6.4,93.93,pomegranate
16,70,17,23.73,66.25,5.02,59.31,lentil
18,72,23,24.51,67.51,7.3,39.64,lentil
91,52,49,24.01,74.27,6.37,193.36,rice
92,27,59,28.0,55.84,6.82,56.51,watermelon
79,44,39,26.41,83.52,6.1,152.57,jute
18,17,40,19.95,79.08,6.11,112.66,pomegranate
20,56,21,23.97,60.87,5.75,45.25,lentil
46,63,22,32.45,58.59,7.45,78.05,blackgram
24,134,186,23.45,91.98,6.58,72.55,grapes
20,31,26,28.25,48.15,5.16,79.24,mango
84,50,50,22.44,79.48,5.98,241.63,rice
77,57,49,26.25,81.58,5.97,179.62,jute
115,76,55,27.07,87.16,6.62,107.48,banana
124,41,23,26.77,76.99,7.72,57.13,cotton
80,43,37,22.51,80.35,6.87,156.17,jute
40,75,66,16.58,14.92,7.32,69.26,chickpea
24,17,34,25.55,96.13,6.04,147.08,coconut
20,57,18,26.86,59.53,7.13,45.45,mungbean
20,74,23,26.89,48.13,6.15,152.37,pigeonpeas
102,75,59,27.79,76.13,6.05,106.56,banana
98,72,48,26.35,77.18,5.33,125.07,banana
21,78,22,22.51,66.88,6.56,36.9,lentil
24,39,24,28.34,50.46,6.71,51.77,mungbean
45,49,56,32.71,96.21,6.72,150.13,papaya
22,76,20,22.81,21.5,5.85,94.94,kidneybeans
91,23,49,25.35,42.14,6.56,53.8,watermelon
20,15,27,26.6,98.99,5.62,187.77,coconut
19,59,20,20.21,19.55,5.62,105.18,kidneybeans
79,44,18,21.29,66.08,5.82,99.99,maize
20,22,31,34.05,48.58,5.86,103.62,mango
29,139,210,22.43,80.8,6.47,86.87,grapes
20,67,20,27.59,53.28,5.96,44.68,mothbeans
53,66,51,31.4,90.58,8.1,173.64,papaya
18,20,9,22.56,89.39,6.89,91.2,orange
84,53,37,24.12,87.26,6.52,231.33,rice
27,18,31,24.57,95.03,6.79,207.71,coconut
40,65,22,32.35,61.19,6.68,57.94,blackgram
18,70,17,23.75,57.28,7.41,41.75,lentil
90,25,48,25.12,51.52,6.91,47.54,watermelon
22,22,31,31.21,51.13,6.02,84.36,mango
17,28,38,33.0,49.91,5.27,79.47,mango
20,70,19,27.9,46.32,6.09,157.96,pigeonpeas
20,14,47,20.4,95.67,6.34,115.93,pomegranate
25,49,21,29.75,61.31,6.4,33.96,mungbean
20,76,22,20.67,21.66,5.96,96.89,kidneybeans
21,71,17,28.04,65.15,6.84,49.63,mothbeans
22,19,32,28.34,83.09,5.32,167.35,coconut
24,61,17,21.13,22.65,5.42,85.06,kidneybeans
78,40,35,23.43,86.12,7.42,300.0,rice
26,50,16,22.77,62.64,6.85,54.57,mungbean
68,42,49,27.01,76.24,6.21,234.22,rice
23,21,40,20.33,85.03,6.9,90.22,pomegranate
81,60,40,24.15,90.09,6.54,141.29,jute
21,77,19,23.36,69.39,6.35,48.16,lentil
17,68,21,27.85,59.97,5.75,41.83,mothbeans
23,67,23,29.22,48.7,5.42,178.36,pigeonpeas
20,17,46,20.89,90.18,7.28,129.02,pomegranate
16,63,22,27.49,60.05,6.76,57.02,mothbeans
41,64,23,31.28,61.17,6.51,74.13,blackgram
39,56,55,34.4,98.43,7.1,154.12,papaya
109,25,30,23.63,58.34,6.31,182.22,coffee
88,60,56,27.18,76.42,6.56,94.14,banana
17,28,29,29.75,51.5,5.27,103.78,mango
41,63,75,18.65,15.63,7.91,66.58,chickpea
103,26,53,27.3,81.11,6.64,23.48,muskmelon
21,26,28,30.28,48.21,6.57,86.62,mango
35,61,19,25.76,64.19,6.79,76.58,blackgram
106,27,51,25.56,96.9,6.71,21.39,muskmelon
19,91,21,27.62,49.51,6.67,164.27,pigeonpeas
73,56,21,21.8,65.66,6.33,96.26,maize
23,19,10,19.57,95.95,7.08,115.6,orange
19,21,32,22.16,89.46,6.23,90.25,pomegranate
18,16,10,22.01,93.16,6.15,118.78,orange
18,66,19,25.88,65.01,6.68,42.88,lentil
97,24,56,23.4,48.64,7.05,65.36,watermelon
15,38,20,27.21,55.23,7.97,49.8,mungbean
26,21,32,31.2,91.12,5.31,160.1,coconut
19,49,22,27.25,58.47,6.91,51.13,mungbean
21,16,28,27.87,90.44,5.38,198.77,coconut
18,61,19,25.18,59.53,7.45,44.55,mothbeans
16,61,22,25.98,55.12,7.51,58.04,mothbeans
43,60,48,34.28,96.6,6.9,166.23,papaya
21,22,30,25.61,89.88,6.44,195.94,coconut
78,42,41,23.3,88.69,6.83,234.64,rice
62,43,19,21.46,64.15,6.14,106.96,maize
83,27,43,29.15,47.72,6.5,47.34,watermelon
25,140,160,20.15,87.11,5.91,59.2,grapes
109,33,21,25.62,60.1,6.65,145.74,coffee
17,19,38,19.62,89.77,6.46,82.43,pomegranate
19,14,47,21.1,88.44,6.65,100.41,pomegranate
35,67,68,18.91,16.06,8.94,75.67,chickpea
60,42,22,22.36,65.58,7.24,100.34,maize
22,31,30,34.22,48.17,6.15,100.58,mango
19,19,49,21.96,97.47,6.79,130.16,pomegranate
19,42,20,29.03,64.52,7.07,45.43,mungbean
120,52,20,24.12,72.8,5.71,92.02,cotton
18,43,21,27.95,60.78,7.18,44.39,mungbean
87,49,22,21.41,63.81,6.24,85.47,maize
18,61,21,20.47,22.66,6.12,107.5,kidneybeans
24,72,17,27.99,41.84,5.7,170.48,pigeonpeas
66,35,32,26.53,76.2,6.99,195.09,jute
105,25,26,25.02,61.24,6.17,179.11,coffee
114,54,22,24.78,82.37,7.54,89.81,cotton
70,53,42,24.42,81.09,6.46,173.7,jute
122,46,20,26.64,80.83,6.62,61.67,cotton
20,70,18,25.57,61.66,6.77,62.13,mothbeans
80,27,49,26.38,46.56,6.82,44.17,watermelon
64,78,52,27.75,84.62,5.9,102.91,banana
16,65,20,26.54,47.29,6.03,130.58,pigeonpeas
90,55,21,22.79,66.0,5.75,102.99,maize
20,132,210,22.17,79.65,5.9,74.81,grapes
20,24,28,31.55,47.07,6.01,89.62,mango
74,40,40,22.27,83.14,6.41,268.25,rice
21,116,168,20.02,95.58,5.74,89.18,apple
103,75,39,25.7,76.41,5.63,117.22,banana
80,33,29,24.42,57.61,6.91,148.06,coffee
21,65,19,26.59,60.97,6.93,51.41,mothbeans
21,137,210,21.35,84.63,6.13,112.16,apple
18,54,17,27.27,60.35,8.0,45.57,mungbean
139,48,20,25.65,90.77,7.41,81.98,cotton
23,15,34,27.89,97.36,5.14,172.83,coconut
95,79,65,25.75,77.32,7.58,110.3,banana
116,51,20,26.76,85.27,6.55,102.37,cotton
21,118,210,21.46,100.0,4.9,116.86,apple
17,15,34,20.45,91.35,5.42,107.4,pomegranate
99,23,32,27.1,53.68,6.43,141.27,coffee
37,68,78,17.15,16.7,7.42,72.63,chickpea
21,18,9,22.92,89.16,7.39,85.72,orange
45,70,21,32.7,60.89,6.79,71.33,blackgram
124,47,20,27.12,76.4,7.54,78.79,cotton
34,68,90,15.61,17.35,7.99,78.53,chickpea
76,54,42,25.12,82.9,5.77,188.06,rice
68,46,50,23.46,80.22,6.75,172.72,jute
43,58,37,33.64,85.59,6.58,195.87,papaya
20,78,20,31.0,48.49,5.67,150.07,pigeonpeas
78,27,33,25.0,53.42,7.03,159.27,coffee
67,25,53,26.08,54.03,6.07,41.48,watermelon
33,65,93,18.55,17.2,7.17,76.32,chickpea
67,47,39,23.32,79.27,6.64,252.34,rice
18,15,10,21.09,92.05,7.55,111.55,orange
44,75,20,35.83,69.11,7.28,62.64,blackgram
100,70,49,25.48,78.67,4.77,90.79,banana
87,26,56,26.9,51.33,6.88,42.96,watermelon
24,62,22,24.8,51.09,5.61,131.49,pigeonpeas
123,38,17,24.0,85.75,6.89,72.4,cotton
82,47,38,23.44,81.06,6.96,177.05,jute
106,34,28,23.24,57.69,7.82,135.99,coffee
21,47,19,27.97,59.86,7.0,34.42,mungbean
91,86,42,27.02,82.75,6.44,95.37,banana
23,43,21,28.43,58.14,7.32,50.24,mungbean
81,41,34,25.78,73.54,6.58,168.15,jute
23,150,195,23.77,85.18,6.35,72.43,grapes
22,29,21,29.47,49.67,6.14,89.12,mango
83,25,57,26.85,88.68,6.3,22.91,muskmelon
19,150,185,22.95,100.0,5.89,128.71,apple
111,45,22,24.74,88.76,7.27,84.07,cotton
100,26,45,26.25,47.52,6.72,58.4,watermelon
106,25,36,25.83,65.93,6.24,187.37,coffee
22,79,20,24.54,64.66,6.2,44.81,lentil
23,14,8,24.86,93.72,7.25,107.29,orange
82,48,18,21.69,63.29,6.16,115.19,maize
47,52,54,32.6,86.93,6.41,127.86,papaya
16,18,38,19.63,88.44,6.16,103.79,pomegranate
50,72,39,33.43,96.96,6.57,142.02,papaya
21,27,25,31.97,45.76,6.09,89.22,mango
15,62,19,24.56,66.27,7.52,52.34,lentil
51,59,53,31.58,90.05,7.44,181.15,papaya
138,54,20,24.56,83.72,6.27,69.18,cotton
21,82,20,26.83,64.83,7.43,43.51,lentil
131,48,16,24.39,81.01,7.1,85.53,cotton
16,18,40,23.41,88.63,7.0,91.58,pomegranate
21,19,26,28.9,94.95,5.88,160.45,coconut
72,48,17,22.6,69.55,6.26,92.76,maize
88,57,38,22.41,83.55,6.27,250.71,rice
70,50,37,25.77,79.96,6.96,145.38,jute
21,78,24,28.16,53.86,7.07,55.11,mothbeans
17,28,30,30.23,53.83,5.14,113.74,mango
18,132,210,22.04,86.25,5.77,70.46,grapes
100,46,20,22.81,81.46,7.62,91.98,cotton
22,17,30,25.28,94.9,5.92,187.92,coconut
89,35,16,20.78,69.61,6.44,103.75,maize
91,27,47,32.91,92.25,5.97,23.9,muskmelon
88,24,40,29.51,79.71,6.58,20.95,muskmelon
20,15,9,23.96,100.0,7.57,127.41,orange
19,82,19,28.26,49.58,7.49,58.81,mothbeans
25,48,23,26.19,56.68,6.26,49.44,mungbean
134,49,22,23.87,79.1,7.42,89.17,cotton
24,21,11,24.03,83.5,6.2,105.76,orange
23,30,28,31.36,44.41,5.85,85.95,mango
93,53,44,23.76,93.45,6.29,170.9,rice
82,49,21,21.8,69.58,6.07,107.91,maize
22,74,18,27.01,47.67,6.65,184.64,pigeonpeas
21,34,27,29.16,53.67,5.25,92.76,mango
37,65,85,17.89,16.6,8.16,78.9,chickpea
84,26,26,26.66,63.76,5.62,187.67,coffee
18,15,11,21.82,92.3,7.71,127.58,orange
19,24,31,31.02,49.3,6.28,82.44,mango
26,138,204,24.91,87.96,6.56,73.84,grapes
77,57,36,24.34,73.72,6.23,229.39,rice
98,86,57,24.85,82.74,6.5,102.65,banana
96,50,42,25.65,83.78,6.86,154.72,jute
103,81,53,27.32,80.99,5.31,111.21,banana
19,71,18,26.0,45.36,5.25,169.16,pigeonpeas
14,16,10,20.21,100.0,6.67,106.87,orange
40,57,96,19.21,17.3,6.51,82.02,chickpea
85,23,51,23.37,45.09,5.92,57.31,watermelon
19,93,19,23.83,67.9,7.81,51.38,lentil
75,39,39,25.82,80.68,6.11,143.02,jute
19,63,19,23.31,71.3,7.2,49.7,lentil
20,112,206,22.07,90.3,6.42,107.17,apple
123,27,30,26.57,57.73,7.12,172.8,coffee
22,45,19,24.33,63.49,7.15,46.97,mungbean
24,61,18,20.74,18.93,4.85,101.46,kidneybeans
73,50,43,24.24,78.12,6.6,163.41,jute
51,71,53,32.24,82.23,6.59,159.12,papaya
43,69,82,17.72,18.51,6.77,74.36,chickpea
22,19,11,18.97,86.58,7.78,93.42,orange
83,29,69,27.9,48.3,6.83,59.44,watermelon
91,22,51,33.1,94.04,6.57,26.08,muskmelon
66,47,20,25.23,58.71,7.04,96.71,maize
108,44,19,22.92,81.3,7.12,70.44,cotton
29,72,21,28.14,45.09,5.59,140.89,pigeonpeas
144,45,25,23.44,87.16,6.0,77.25,cotton
24,17,37,25.87,96.1,5.73,187.35,coconut
22,47,21,28.39,60.21,6.55,57.76,mungbean
16,76,19,23.53,62.24,6.59,55.62,lentil
112,30,30,26.69,56.85,6.46,184.02,coffee
22,61,17,26.44,58.32,5.78,43.11,mothbeans
72,40,31,24.46,80.66,7.33,188.22,jute
145,42,19,24.6,82.97,7.28,71.87,cotton
19,19,42,23.81,96.76,7.14,144.29,pomegranate
21,76,20,28.99,48.02,5.75,169.16,pigeonpeas
21,19,24,29.55,95.77,6.19,190.23,coconut
49,45,54,34.25,84.64,7.11,120.67,papaya
97,57,36,26.91,81.28,7.26,191.55,jute
17,23,30,31.68,44.89,6.03,85.66,mango
82,52,15,21.52,55.63,6.32,94.95,maize
86,49,28,24.76,81.61,6.52,178.37,jute
128,37,17,24.24,79.84,6.63,98.29,cotton
70,27,51,27.67,49.82,6.53,58.36,watermelon
21,64,16,28.26,50.17,6.19,122.27,pigeonpeas
106,31,28,23.85,58.31,7.3,157.04,coffee
20,21,43,19.09,82.53,6.2,104.52,pomegranate
97,27,33,24.77,61.66,6.17,157.06,coffee
19,44,24,23.28,56.39,8.41,51.4,mungbean
53,54,47,35.74,95.89,6.74,124.2,papaya
95,27,57,27.54,54.71,6.41,46.24,watermelon
19,70,21,27.79,48.97,5.41,125.7,pigeonpeas
72,29,53,24.66,48.31,6.07,49.15,watermelon
84,52,19,18.73,60.17,6.92,63.33,maize
20,28,31,32.01,50.61,6.19,76.45,mango
20,121,174,23.63,72.32,5.51,54.35,grapes
17,53,24,27.38,61.05,7.52,45.31,mungbean
71,46,22,22.0,65.31,6.64,90.73,maize
34,55,21,30.94,68.52,7.38,74.47,blackgram
18,115,195,21.76,93.39,6.21,110.35,apple
110,43,19,24.09,74.0,5.66,84.39,cotton
19,14,45,20.87,96.26,6.3,106.23,pomegranate
92,55,13,21.58,63.37,5.42,96.07,maize
21,16,11,21.94,98.9,7.28,108.32,orange
20,52,18,25.45,59.34,7.03,46.36,lentil
20,18,28,30.71,94.38,5.35,154.33,coconut
37,70,70,18.98,15.77,7.13,74.37,chickpea
34,77,107,18.4,17.59,7.01,62.62,chickpea
49,64,21,33.59,62.85,8.13,70.04,blackgram
20,76,22,25.41,45.54,5.85,181.07,pigeonpeas
81,48,21,22.56,56.56,6.64,83.8,maize
29,149,188,21.58,84.48,5.87,72.77,grapes
47,61,101,19.08,17.99,7.32,77.91,chickpea
103,23,51,31.1,92.86,6.89,23.61,muskmelon
20,76,22,24.82,64.86,7.46,51.92,lentil
37,84,91,18.11,16.04,6.99,80.7,chickpea
79,22,35,32.01,98.25,6.7,25.41,muskmelon
47,60,47,33.7,85.73,6.76,155.16,papaya
20,19,10,22.33,90.28,7.26,105.03,orange
39,67,18,31.6,63.52,6.95,75.11,blackgram
54,53,53,34.84,88.98,7.0,119.11,papaya
83,26,28,24.39,57.21,5.9,146.13,coffee
22,22,31,34.98,47.39,5.77,111.11,mango
19,15,8,21.11,90.03,6.19,112.34,orange
88,25,56,30.59,94.29,6.66,27.17,muskmelon
24,52,17,18.76,21.92,5.53,122.63,kidneybeans
25,150,187,23.76,84.13,6.0,57.18,grapes
46,53,50,33.92,89.0,6.19,165.86,papaya
17,57,17,26.16,64.19,7.29,32.32,lentil
19,135,209,20.88,90.66,6.12,104.48,apple
18,49,19,30.96,56.75,6.49,42.41,mungbean
77,48,36,24.21,85.83,6.43,255.44,rice
22,56,20,29.98,62.01,6.09,41.65,mungbean
18,15,11,21.68,88.54,7.79,117.65,orange
27,116,186,23.77,88.07,5.45,65.69,grapes
75,46,46,27.12,75.06,6.59,192.62,jute
22,150,180,22.21,93.58,6.55,119.4,apple
19,17,22,24.5,100.0,6.07,167.57,coconut
20,27,29,27.9,49.58,5.96,102.71,mango
105,38,30,24.31,57.19,6.0,185.47,coffee
18,17,12,22.73,87.33,7.86,92.11,orange
115,40,18,23.35,83.05,7.61,76.29,cotton
19,52,20,27.93,56.99,6.87,43.59,mungbean
24,42,21,28.11,54.4,6.17,48.07,mungbean
22,144,210,22.74,80.27,6.54,83.98,grapes
17,68,18,20.1,20.95,5.2,107.95,kidneybeans
19,49,17,29.16,63.81,7.05,37.33,mungbean
88,25,58,31.68,92.72,7.61,23.93,muskmelon
94,23,49,25.05,89.5,7.03,29.87,muskmelon
38,62,20,29.26,60.67,6.91,72.85,blackgram
20,150,201,23.29,72.1,5.71,73.87,grapes
56,64,55,33.53,88.9,6.35,147.92,papaya
21,16,45,20.04,94.2,6.2,112.53,pomegranate
67,26,56,26.93,48.75,6.01,55.53,watermelon
100,21,52,25.73,91.88,5.74,23.85,muskmelon
80,26,45,29.37,90.82,5.52,25.24,muskmelon
114,26,47,28.43,82.86,7.36,23.38,muskmelon
67,39,43,25.58,86.16,6.55,144.95,jute
24,150,187,19.18,88.28,6.16,114.08,apple
25,15,7,20.61,94.68,7.02,93.95,orange
111,27,48,25.05,49.87,6.57,52.23,watermelon
107,28,32,24.9,55.93,6.21,150.57,coffee
95,30,28,25.98,61.71,7.4,136.8,coffee
21,17,9,22.5,91.79,8.03,120.41,orange
96,69,54,26.09,78.05,5.78,120.57,banana
42,78,17,29.78,65.76,7.59,67.11,blackgram
20,129,179,22.44,90.36,5.77,113.7,apple
17,19,25,30.16,90.84,6.72,167.33,coconut
32,59,56,33.63,87.52,6.56,154.61,papaya
19,25,29,32.35,52.52,5.33,103.69,mango
111,65,42,26.63,76.39,5.86,89.08,banana
22,52,18,29.19,64.35,6.14,48.02,mothbeans
16,14,10,20.53,91.96,7.08,112.42,orange
52,60,63,33.12,98.67,6.77,174.48,papaya
133,55,21,23.95,83.38,6.58,81.25,cotton
64,39,42,22.28,69.38,6.8,232.35,rice
83,90,45,28.47,78.99,5.79,125.28,banana
20,60,22,29.0,57.82,7.51,38.18,mothbeans
18,57,16,25.12,64.77,7.38,43.05,lentil
102,27,55,28.66,93.0,6.14,26.61,muskmelon
22,17,37,28.64,96.65,5.54,157.7,coconut
94,88,61,27.76,82.72,6.32,86.59,banana
33,80,79,18.31,19.37,8.19,77.06,chickpea
24,76,23,19.44,21.78,6.04,109.93,kidneybeans
18,57,18,23.25,66.81,7.46,51.47,lentil
18,79,18,20.6,23.41,5.88,106.19,kidneybeans
100,25,33,25.28,58.91,7.07,145.82,coffee
93,80,44,28.35,84.06,6.35,111.77,banana
94,26,52,29.12,94.29,5.68,21.81,muskmelon
22,19,37,19.24,92.48,5.21,122.39,pomegranate
23,150,163,22.61,94.98,6.15,137.67,apple
19,14,33,27.46,95.6,6.03,162.0,coconut
19,84,14,26.19,54.19,7.42,45.95,lentil
52,72,48,35.09,90.13,6.71,142.13,papaya
22,65,21,26.9,58.04,7.16,45.64,mothbeans
35,61,21,26.66,69.97,7.45,77.55,blackgram
25,15,28,25.66,90.53,6.6,169.88,coconut
46,65,78,17.47,16.41,7.71,82.46,chickpea
65,55,35,24.7,77.99,6.54,156.42,jute
52,50,48,34.84,98.53,6.55,154.58,papaya
25,63,21,22.87,20.6,4.83,121.21,kidneybeans
23,70,17,26.5,45.85,6.2,171.21,pigeonpeas
21,15,10,24.78,90.06,6.75,124.62,orange
20,87,23,18.98,22.85,5.32,82.62,kidneybeans
23,150,210,24.55,94.77,6.04,118.32,apple
22,28,26,32.26,51.36,6.5,101.49,mango
104,27,52,28.83,88.6,6.65,26.56,muskmelon
77,45,46,26.48,81.17,7.06,192.28,jute
21,24,32,28.98,51.9,6.44,113.59,mango
82,28,38,25.62,48.57,7.0,59.44,watermelon
91,50,39,23.48,91.6,7.46,226.87,rice
78,47,45,25.16,81.65,5.81,156.1,jute
16,27,30,31.24,50.11,5.92,110.25,mango
24,65,19,28.59,46.45,5.78,121.54,pigeonpeas
19,67,19,20.32,20.75,5.62,110.67,kidneybeans
41,68,15,29.86,62.39,6.43,82.05,blackgram
29,72,17,30.24,66.45,7.44,59.89,blackgram
82,97,53,27.73,94.96,6.16,88.59,banana
17,62,14,25.85,62.5,6.46,39.49,lentil
25,80,18,19.58,22.63,6.85,123.65,kidneybeans
114,84,41,26.81,80.93,5.45,100.46,banana
25,132,188,22.59,78.6,6.43,58.09,grapes
18,60,18,26.42,44.08,5.14,135.21,pigeonpeas
18,76,20,24.24,61.89,7.38,28.71,lentil
20,20,34,24.02,95.87,6.51,126.47,pomegranate
95,48,19,23.35,80.83,6.51,84.92,cotton
43,68,85,17.55,19.27,6.38,92.1,chickpea
77,47,15,20.82,62.99,5.95,110.75,maize
24,150,210,22.17,96.21,5.21,120.93,apple
46,68,16,29.91,66.1,7.65,67.17,blackgram
22,130,185,21.63,95.68,6.24,117.57,apple
19,24,33,32.07,45.77,5.28,66.08,mango
107,92,53,26.28,82.93,6.58,106.7,banana
22,138,210,24.43,100.0,6.33,112.95,apple
119,47,23,25.41,76.4,6.87,75.69,cotton
70,45,36,22.87,73.35,5.65,282.49,rice
37,61,20,31.81,73.92,6.24,72.65,blackgram
88,24,61,29.25,85.72,5.55,19.84,muskmelon
76,25,43,26.06,49.6,5.73,73.65,watermelon
107,24,29,25.44,55.28,6.99,129.16,coffee
79,25,46,25.13,52.96,7.03,44.13,watermelon
77,40,40,25.4,74.78,6.92,200.39,jute
41,67,88,17.42,15.4,6.49,74.89,chickpea
72,42,41,26.22,80.38,7.46,158.56,jute
19,36,21,31.56,65.0,6.76,48.05,mungbean
21,120,193,22.61,91.22,5.81,72.89,grapes
84,45,39,26.71,87.54,6.38,159.38,jute
21,47,22,26.01,59.15,7.0,43.94,mungbean
22,136,210,24.43,88.48,5.45,100.95,apple
22,150,210,20.41,84.7,5.94,61.32,grapes
25,21,30,26.01,83.86,6.31,163.45,coconut
22,69,23,27.76,58.24,7.61,50.69,mothbeans
63,49,22,22.39,57.9,6.24,103.46,maize
24,17,29,26.47,97.02,5.93,160.28,coconut
22,13,28,20.5,82.56,6.28,110.67,pomegranate
78,55,43,24.89,83.95,5.6,162.08,jute
100,80,49,26.96,86.45,5.99,118.68,banana
24,74,16,26.49,48.48,6.16,166.38,pigeonpeas
39,74,16,29.03,72.97,6.74,68.0,blackgram
79,54,41,22.78,76.9,5.54,211.87,rice
18,76,21,24.87,51.48,6.84,168.03,pigeonpeas
18,27,29,33.91,48.75,5.88,101.92,mango
15,19,35,22.88,99.83,6.27,113.69,pomegranate
23,127,165,22.95,80.43,5.44,66.89,grapes
23,150,210,22.56,91.39,5.78,91.06,apple
42,79,23,27.75,63.97,6.57,67.75,blackgram
22,20,10,21.6,94.4,6.99,95.72,orange
71,50,21,21.18,67.79,6.88,111.37,maize
86,26,26,24.17,55.92,7.17,139.24,coffee
126,27,52,27.3,94.92,5.79,20.3,muskmelon
23,69,23,20.07,22.65,5.87,101.37,kidneybeans
22,140,190,23.05,85.69,6.04,82.67,grapes
22,81,19,27.64,40.08,5.78,144.37,pigeonpeas
106,21,28,26.99,63.65,7.54,153.52,coffee
17,13,9,20.79,89.45,7.95,106.48,orange
113,81,46,28.5,90.29,6.1,120.55,banana
21,25,29,27.85,46.71,5.58,87.34,mango
23,142,210,24.76,84.11,6.5,64.41,grapes
18,54,19,24.88,59.79,7.18,46.49,lentil
